/*
Navicat MySQL Data Transfer

Source Server         : 127.0.0.1
Source Server Version : 80019
Source Host           : 127.0.0.1:3306
Source Database       : upint-seed

Target Server Type    : MYSQL
Target Server Version : 80019
File Encoding         : 65001

Date: 2020-08-15 18:06:11
*/

SET FOREIGN_KEY_CHECKS=0;

-- ----------------------------
-- Table structure for blog_article
-- ----------------------------
DROP TABLE IF EXISTS `blog_article`;
CREATE TABLE `blog_article` (
  `id` bigint NOT NULL AUTO_INCREMENT COMMENT '主键',
  `title` varchar(255) CHARACTER SET utf8 COLLATE utf8_general_ci NOT NULL COMMENT '标题,input,NO,false,true,true',
  `sub_title` varchar(255) CHARACTER SET utf8 COLLATE utf8_general_ci DEFAULT NULL COMMENT '副标题,input,YES,false,false,false',
  `marks` varchar(255) CHARACTER SET utf8 COLLATE utf8_general_ci DEFAULT NULL COMMENT '摘要,textarea,YES,false,false,false',
  `show_pic` varchar(255) CHARACTER SET utf8 COLLATE utf8_general_ci DEFAULT NULL COMMENT '显示图片,uploadImg,YES,false,false,false',
  `category` varchar(255) CHARACTER SET utf8 COLLATE utf8_general_ci DEFAULT NULL COMMENT '文章类型,radio,YES,false,true,true',
  `out_link_url` varchar(255) CHARACTER SET utf8 COLLATE utf8_general_ci DEFAULT NULL COMMENT '外链地址,input,YES,false,false,false',
  `resources` varchar(255) CHARACTER SET utf8 COLLATE utf8_general_ci DEFAULT NULL COMMENT '来源,input,YES,false,true,false',
  `publist_time` datetime DEFAULT NULL COMMENT '发布时间,timer,YES,false,true,true',
  `content` text CHARACTER SET utf8 COLLATE utf8_general_ci NOT NULL COMMENT '内容,editor,NO,false,true,true',
  `text` text CHARACTER SET utf8 COLLATE utf8_general_ci COMMENT '纯文字文章内容,textarea,YES,false,false,false',
  `click` int DEFAULT NULL COMMENT '浏览量,0,YES,false,false,false',
  `channel_id` bigint DEFAULT NULL COMMENT '栏目ID,0,YES,false,false,false',
  `sort` int DEFAULT NULL COMMENT '排序值,0,YES,false,false,false',
  `is_top` bit(1) DEFAULT NULL COMMENT '是否置顶,switch,YES,true,true,false',
  `is_recommend` bit(1) DEFAULT NULL COMMENT '是否推荐,switch,YES,true,true,false',
  `status` int DEFAULT NULL COMMENT '文章状态,0,YES,false,false,false',
  `create_date` datetime DEFAULT NULL COMMENT '创建时间',
  `create_by` bigint DEFAULT NULL COMMENT '创建人',
  `update_date` datetime DEFAULT NULL COMMENT '修改时间',
  `update_by` bigint DEFAULT NULL COMMENT '修改人',
  `remarks` varchar(255) CHARACTER SET utf8 COLLATE utf8_general_ci DEFAULT NULL COMMENT '备注',
  `del_flag` tinyint DEFAULT NULL COMMENT '删除标记',
  PRIMARY KEY (`id`)
) ENGINE=InnoDB AUTO_INCREMENT=2 DEFAULT CHARSET=utf8 COMMENT='博客内容,1,uploadImg-showPic-YES,timer-publistTime-YES,editor-co';

-- ----------------------------
-- Records of blog_article
-- ----------------------------
INSERT INTO `blog_article` VALUES ('1', 'banner', 'banner', null, 'https://static.mysiteforme.com/3e2baf40-f2e5-4b3c-93d1-3f97965017ec.jpg', '1', null, null, '2018-03-13 08:00:00', '<p>图片<br></p>', '图片', null, '19', '0', '\0', '\0', null, '2018-03-13 12:55:17', '1', '2018-03-13 12:55:17', '1', null, '0');

-- ----------------------------
-- Table structure for blog_article_tags
-- ----------------------------
DROP TABLE IF EXISTS `blog_article_tags`;
CREATE TABLE `blog_article_tags` (
  `id` bigint NOT NULL AUTO_INCREMENT COMMENT '主键',
  `article_id` bigint NOT NULL COMMENT '文章ID,0,NO,false,false,false',
  `tags_id` bigint NOT NULL COMMENT '标签ID,0,NO,false,false,false',
  PRIMARY KEY (`id`)
) ENGINE=InnoDB DEFAULT CHARSET=utf8 COMMENT='标签-文章关联表,3';

-- ----------------------------
-- Records of blog_article_tags
-- ----------------------------

-- ----------------------------
-- Table structure for blog_channel
-- ----------------------------
DROP TABLE IF EXISTS `blog_channel`;
CREATE TABLE `blog_channel` (
  `id` bigint NOT NULL AUTO_INCREMENT COMMENT '主键',
  `name` varchar(255) CHARACTER SET utf8 COLLATE utf8_general_ci NOT NULL COMMENT '名称,input,NO,false,true,true',
  `site_id` bigint DEFAULT NULL COMMENT '站点ID,0,YES,false,false,false',
  `href` varchar(500) CHARACTER SET utf8 COLLATE utf8_general_ci DEFAULT NULL COMMENT '链接地址,input,YES,false,true,true',
  `logo` varchar(255) CHARACTER SET utf8 COLLATE utf8_general_ci DEFAULT NULL COMMENT '栏目图标,input,YES,false,true,false',
  `is_base_channel` bit(1) DEFAULT NULL COMMENT '是否为主栏目,switch,YES,true,true,true',
  `can_comment` bit(1) DEFAULT NULL COMMENT '是否能够评论,switch,YES,true,true,true',
  `is_no_name` bit(1) DEFAULT NULL COMMENT '是否匿名,switch,YES,true,true,true',
  `is_can_aduit` bit(1) DEFAULT NULL COMMENT '是否开启审核,switch,YES,true,true,true',
  `seo_title` varchar(255) CHARACTER SET utf8 COLLATE utf8_general_ci DEFAULT NULL COMMENT '网页title(seo),input,YES,false,false,false',
  `seo_keywords` varchar(255) CHARACTER SET utf8 COLLATE utf8_general_ci DEFAULT NULL COMMENT '网页关键字(seo) ,input,YES,false,false,false',
  `seo_description` varchar(255) CHARACTER SET utf8 COLLATE utf8_general_ci DEFAULT NULL COMMENT '网页描述(seo),textarea,YES,false,false,false',
  `parent_id` bigint DEFAULT NULL COMMENT '父节点ID',
  `parent_ids` varchar(2000) CHARACTER SET utf8 COLLATE utf8_general_ci DEFAULT NULL COMMENT '父节点联集',
  `level` bigint DEFAULT NULL COMMENT '层级深度',
  `sort` smallint DEFAULT NULL COMMENT '排序',
  `create_date` datetime DEFAULT NULL COMMENT '创建时间',
  `create_by` bigint DEFAULT NULL COMMENT '创建人',
  `update_date` datetime DEFAULT NULL COMMENT '修改时间',
  `update_by` bigint DEFAULT NULL COMMENT '修改人',
  `remarks` varchar(255) CHARACTER SET utf8 COLLATE utf8_general_ci DEFAULT NULL COMMENT '备注',
  `del_flag` tinyint DEFAULT NULL COMMENT '删除标记',
  PRIMARY KEY (`id`)
) ENGINE=InnoDB AUTO_INCREMENT=20 DEFAULT CHARSET=utf8 COMMENT='博客栏目,2,switch-baseChannel-YES-true-is_base_channel,switch-ca';

-- ----------------------------
-- Records of blog_channel
-- ----------------------------
INSERT INTO `blog_channel` VALUES ('1', '网站首页', '1', '/index', '', '\0', '\0', '\0', '\0', null, null, null, null, '1,', '1', '60', '2018-01-22 11:55:24', '1', '2018-01-23 00:37:57', '1', null, '0');
INSERT INTO `blog_channel` VALUES ('2', '文章专栏', '1', '/wzzl', '', '', '', '\0', '\0', null, null, null, null, '2,', '1', '50', '2018-01-22 11:55:56', '1', '2018-02-03 21:41:52', '1', null, '0');
INSERT INTO `blog_channel` VALUES ('3', '资源分享', '1', '/share', '', '\0', '\0', '\0', '\0', null, null, null, null, '3,', '1', '10', '2018-01-22 11:56:50', '1', '2018-02-06 11:20:48', '1', null, '0');
INSERT INTO `blog_channel` VALUES ('4', '点点滴滴', '1', '/dddd', '', '\0', '\0', '\0', '\0', null, null, null, null, '4,', '1', '30', '2018-01-22 11:57:16', '1', '2018-02-08 01:37:32', '1', null, '0');
INSERT INTO `blog_channel` VALUES ('5', '关于本站', '1', '/about', '', '\0', '\0', '\0', '\0', null, null, null, null, '5,', '1', '20', '2018-01-22 11:57:40', '1', '2018-02-06 00:14:18', '1', null, '0');
INSERT INTO `blog_channel` VALUES ('6', '通知', '1', '/tz', null, '\0', '\0', '\0', '\0', null, null, null, null, '6,', '1', '0', '2018-01-22 11:59:01', '1', '2018-01-22 23:25:40', '1', null, '0');
INSERT INTO `blog_channel` VALUES ('7', '更新日志', '1', '/gxrz', null, '\0', '\0', '\0', '\0', null, null, null, null, '7,', '1', '-1', '2018-01-22 23:37:25', '1', '2018-01-22 23:37:38', '1', null, '0');
INSERT INTO `blog_channel` VALUES ('9', 'H5', '1', '/wzzl/h5', null, '', '\0', '\0', '\0', null, null, null, '2', '2,9,', '2', '0', '2018-01-27 01:34:24', '1', '2018-01-27 01:46:23', '1', null, '0');
INSERT INTO `blog_channel` VALUES ('10', 'mysql', '1', '/wzzl/mysql', null, '', '\0', '\0', '\0', null, null, null, '2', '2,10,', '2', '10', '2018-01-27 01:34:42', '1', '2018-01-27 01:46:17', '1', null, '0');
INSERT INTO `blog_channel` VALUES ('11', 'springboot', '1', '/wzzl/springboot', null, '', '\0', '\0', '\0', null, null, null, '2', '2,11,', '2', '20', '2018-01-27 01:35:05', '1', '2018-01-27 01:46:09', '1', null, '0');
INSERT INTO `blog_channel` VALUES ('12', 'mybatis', '1', '/wzzl/mybatis', null, '', '\0', '\0', '\0', null, null, null, '2', '2,12,', '2', '30', '2018-01-27 01:35:18', '1', '2018-01-27 01:46:02', '1', null, '0');
INSERT INTO `blog_channel` VALUES ('13', 'IDE', '1', '/wzzl/ide', null, '', '', '\0', '\0', null, null, null, '2', '2,13,', '2', '40', '2018-01-27 01:35:44', '1', '2018-02-04 04:00:11', '1', null, '0');
INSERT INTO `blog_channel` VALUES ('14', 'java', '1', '/wzzl/java', null, '', '', '\0', '\0', null, null, null, '2', '2,14,', '2', '50', '2018-01-27 01:35:56', '1', '2018-02-04 02:04:20', '1', null, '0');
INSERT INTO `blog_channel` VALUES ('15', '留言墙', '1', '/about/messages', null, '\0', '', '\0', '\0', null, null, null, '5', '5,15,', '2', '0', '2018-02-05 21:27:13', '1', '2018-02-06 00:07:04', '1', null, '0');
INSERT INTO `blog_channel` VALUES ('16', '友情链接', '1', '/about/friendlink', null, '\0', '\0', '\0', '\0', null, null, null, '5', '5,16,', '2', '10', '2018-02-05 21:27:33', '1', '2018-02-06 00:06:30', '1', null, '0');
INSERT INTO `blog_channel` VALUES ('17', '关于作者', '1', '/about/author', null, '\0', '\0', '\0', '\0', null, null, null, '5', '5,17,', '2', '20', '2018-02-05 21:27:51', '1', '2018-02-06 00:06:18', '1', null, '0');
INSERT INTO `blog_channel` VALUES ('18', '关于博客', '1', '/about/blog', null, '\0', '\0', '\0', '\0', null, null, null, '5', '5,18,', '2', '30', '2018-02-05 21:28:09', '1', '2018-02-05 23:14:56', '1', null, '0');
INSERT INTO `blog_channel` VALUES ('19', '首页banner图', '1', '/sybannert', null, '\0', '\0', '\0', '\0', null, null, null, null, '19,', '1', '1', '2018-02-07 10:31:12', '1', '2018-02-07 10:31:21', '1', null, '0');

-- ----------------------------
-- Table structure for blog_comment
-- ----------------------------
DROP TABLE IF EXISTS `blog_comment`;
CREATE TABLE `blog_comment` (
  `id` bigint NOT NULL AUTO_INCREMENT COMMENT '主键',
  `content` text CHARACTER SET utf8 COLLATE utf8_general_ci NOT NULL COMMENT '评论内容,textarea,NO,false,true,true',
  `type` int DEFAULT NULL COMMENT 'ip,input,YES,false,true,true',
  `ip` varchar(255) CHARACTER SET utf8 COLLATE utf8_general_ci DEFAULT NULL COMMENT 'ip,input,YES,false,true,true',
  `system` varchar(255) CHARACTER SET utf8 COLLATE utf8_general_ci DEFAULT NULL COMMENT '操作系统,input,YES,false,true,false',
  `browser` varchar(255) CHARACTER SET utf8 COLLATE utf8_general_ci DEFAULT NULL COMMENT '浏览器,input,YES,false,true,false',
  `floor` int DEFAULT NULL COMMENT '楼层,0,YES,false,false,false',
  `channel_id` bigint DEFAULT NULL COMMENT '栏目ID,0,YES,false,false,false',
  `article_id` int DEFAULT NULL COMMENT '文章ID,0,YES,false,false,false',
  `reply_id` bigint DEFAULT NULL COMMENT '回复评论ID,0,YES,false,false,false',
  `is_admin_reply` bit(1) DEFAULT NULL COMMENT '管理员是否回复,switch,YES,true,true,true',
  `reply_content` text CHARACTER SET utf8 COLLATE utf8_general_ci COMMENT '管理员回复内容,textarea,YES,false,true,false',
  `create_date` datetime DEFAULT NULL COMMENT '创建时间',
  `create_by` bigint DEFAULT NULL COMMENT '创建人',
  `update_date` datetime DEFAULT NULL COMMENT '修改时间',
  `update_by` bigint DEFAULT NULL COMMENT '修改人',
  `remarks` varchar(255) CHARACTER SET utf8 COLLATE utf8_general_ci DEFAULT NULL COMMENT '备注',
  `del_flag` tinyint DEFAULT NULL COMMENT '删除标记',
  PRIMARY KEY (`id`)
) ENGINE=InnoDB DEFAULT CHARSET=utf8 COMMENT='博客评论,1,switch-adminReply-YES-true-is_admin_reply';

-- ----------------------------
-- Records of blog_comment
-- ----------------------------

-- ----------------------------
-- Table structure for blog_tags
-- ----------------------------
DROP TABLE IF EXISTS `blog_tags`;
CREATE TABLE `blog_tags` (
  `id` bigint NOT NULL AUTO_INCREMENT COMMENT '主键',
  `name` varchar(255) CHARACTER SET utf8 COLLATE utf8_general_ci DEFAULT NULL COMMENT '标签名字,input,YES,false,true,true',
  `sort` int DEFAULT NULL COMMENT '排序,0,YES,false,false,false',
  `create_date` datetime DEFAULT NULL COMMENT '创建时间',
  `create_by` bigint DEFAULT NULL COMMENT '创建人',
  `update_date` datetime DEFAULT NULL COMMENT '修改时间',
  `update_by` bigint DEFAULT NULL COMMENT '修改人',
  `remarks` varchar(255) CHARACTER SET utf8 COLLATE utf8_general_ci DEFAULT NULL COMMENT '备注',
  `del_flag` tinyint DEFAULT NULL COMMENT '删除标记',
  PRIMARY KEY (`id`)
) ENGINE=InnoDB DEFAULT CHARSET=utf8 COMMENT='博客标签,1';

-- ----------------------------
-- Records of blog_tags
-- ----------------------------

-- ----------------------------
-- Table structure for hat_area
-- ----------------------------
DROP TABLE IF EXISTS `hat_area`;
CREATE TABLE `hat_area` (
  `id` int NOT NULL,
  `areaID` varchar(255) CHARACTER SET utf8 COLLATE utf8_general_ci DEFAULT NULL,
  `area` varchar(255) CHARACTER SET utf8 COLLATE utf8_general_ci DEFAULT NULL,
  `father` varchar(255) CHARACTER SET utf8 COLLATE utf8_general_ci DEFAULT NULL,
  PRIMARY KEY (`id`)
) ENGINE=InnoDB DEFAULT CHARSET=utf8;

-- ----------------------------
-- Records of hat_area
-- ----------------------------
INSERT INTO `hat_area` VALUES ('1', '110101', '东城区', '110100');
INSERT INTO `hat_area` VALUES ('2', '110102', '西城区', '110100');
INSERT INTO `hat_area` VALUES ('3', '110103', '崇文区', '110100');
INSERT INTO `hat_area` VALUES ('4', '110104', '宣武区', '110100');
INSERT INTO `hat_area` VALUES ('5', '110105', '朝阳区', '110100');
INSERT INTO `hat_area` VALUES ('6', '110106', '丰台区', '110100');
INSERT INTO `hat_area` VALUES ('7', '110107', '石景山区', '110100');
INSERT INTO `hat_area` VALUES ('8', '110108', '海淀区', '110100');
INSERT INTO `hat_area` VALUES ('9', '110109', '门头沟区', '110100');
INSERT INTO `hat_area` VALUES ('10', '110111', '房山区', '110100');
INSERT INTO `hat_area` VALUES ('11', '110112', '通州区', '110100');
INSERT INTO `hat_area` VALUES ('12', '110113', '顺义区', '110100');
INSERT INTO `hat_area` VALUES ('13', '110114', '昌平区', '110100');
INSERT INTO `hat_area` VALUES ('14', '110115', '大兴区', '110100');
INSERT INTO `hat_area` VALUES ('15', '110116', '怀柔区', '110100');
INSERT INTO `hat_area` VALUES ('16', '110117', '平谷区', '110100');
INSERT INTO `hat_area` VALUES ('17', '110228', '密云县', '110200');
INSERT INTO `hat_area` VALUES ('18', '110229', '延庆县', '110200');
INSERT INTO `hat_area` VALUES ('19', '120101', '和平区', '120100');
INSERT INTO `hat_area` VALUES ('20', '120102', '河东区', '120100');
INSERT INTO `hat_area` VALUES ('21', '120103', '河西区', '120100');
INSERT INTO `hat_area` VALUES ('22', '120104', '南开区', '120100');
INSERT INTO `hat_area` VALUES ('23', '120105', '河北区', '120100');
INSERT INTO `hat_area` VALUES ('24', '120106', '红桥区', '120100');
INSERT INTO `hat_area` VALUES ('25', '120107', '塘沽区', '120100');
INSERT INTO `hat_area` VALUES ('26', '120108', '汉沽区', '120100');
INSERT INTO `hat_area` VALUES ('27', '120109', '大港区', '120100');
INSERT INTO `hat_area` VALUES ('28', '120110', '东丽区', '120100');
INSERT INTO `hat_area` VALUES ('29', '120111', '西青区', '120100');
INSERT INTO `hat_area` VALUES ('30', '120112', '津南区', '120100');
INSERT INTO `hat_area` VALUES ('31', '120113', '北辰区', '120100');
INSERT INTO `hat_area` VALUES ('32', '120114', '武清区', '120100');
INSERT INTO `hat_area` VALUES ('33', '120115', '宝坻区', '120100');
INSERT INTO `hat_area` VALUES ('34', '120221', '宁河县', '120200');
INSERT INTO `hat_area` VALUES ('35', '120223', '静海县', '120200');
INSERT INTO `hat_area` VALUES ('36', '120225', '蓟　县', '120200');
INSERT INTO `hat_area` VALUES ('37', '130101', '市辖区', '130100');
INSERT INTO `hat_area` VALUES ('38', '130102', '长安区', '130100');
INSERT INTO `hat_area` VALUES ('39', '130103', '桥东区', '130100');
INSERT INTO `hat_area` VALUES ('40', '130104', '桥西区', '130100');
INSERT INTO `hat_area` VALUES ('41', '130105', '新华区', '130100');
INSERT INTO `hat_area` VALUES ('42', '130107', '井陉矿区', '130100');

-- ----------------------------
-- Table structure for qrtz_blob_triggers
-- ----------------------------
DROP TABLE IF EXISTS `qrtz_blob_triggers`;
CREATE TABLE `qrtz_blob_triggers` (
  `SCHED_NAME` varchar(120) CHARACTER SET utf8 COLLATE utf8_general_ci NOT NULL,
  `TRIGGER_NAME` varchar(200) CHARACTER SET utf8 COLLATE utf8_general_ci NOT NULL,
  `TRIGGER_GROUP` varchar(200) CHARACTER SET utf8 COLLATE utf8_general_ci NOT NULL,
  `BLOB_DATA` blob,
  PRIMARY KEY (`SCHED_NAME`,`TRIGGER_NAME`,`TRIGGER_GROUP`),
  KEY `SCHED_NAME` (`SCHED_NAME`,`TRIGGER_NAME`,`TRIGGER_GROUP`) USING BTREE,
  CONSTRAINT `qrtz_blob_triggers_ibfk_1` FOREIGN KEY (`SCHED_NAME`, `TRIGGER_NAME`, `TRIGGER_GROUP`) REFERENCES `qrtz_triggers` (`SCHED_NAME`, `TRIGGER_NAME`, `TRIGGER_GROUP`) ON DELETE RESTRICT ON UPDATE RESTRICT
) ENGINE=InnoDB DEFAULT CHARSET=utf8;

-- ----------------------------
-- Records of qrtz_blob_triggers
-- ----------------------------

-- ----------------------------
-- Table structure for qrtz_calendars
-- ----------------------------
DROP TABLE IF EXISTS `qrtz_calendars`;
CREATE TABLE `qrtz_calendars` (
  `SCHED_NAME` varchar(120) CHARACTER SET utf8 COLLATE utf8_general_ci NOT NULL,
  `CALENDAR_NAME` varchar(200) CHARACTER SET utf8 COLLATE utf8_general_ci NOT NULL,
  `CALENDAR` blob NOT NULL,
  PRIMARY KEY (`SCHED_NAME`,`CALENDAR_NAME`)
) ENGINE=InnoDB DEFAULT CHARSET=utf8;

-- ----------------------------
-- Records of qrtz_calendars
-- ----------------------------

-- ----------------------------
-- Table structure for qrtz_cron_triggers
-- ----------------------------
DROP TABLE IF EXISTS `qrtz_cron_triggers`;
CREATE TABLE `qrtz_cron_triggers` (
  `SCHED_NAME` varchar(120) CHARACTER SET utf8 COLLATE utf8_general_ci NOT NULL,
  `TRIGGER_NAME` varchar(200) CHARACTER SET utf8 COLLATE utf8_general_ci NOT NULL,
  `TRIGGER_GROUP` varchar(200) CHARACTER SET utf8 COLLATE utf8_general_ci NOT NULL,
  `CRON_EXPRESSION` varchar(120) CHARACTER SET utf8 COLLATE utf8_general_ci NOT NULL,
  `TIME_ZONE_ID` varchar(80) CHARACTER SET utf8 COLLATE utf8_general_ci DEFAULT NULL,
  PRIMARY KEY (`SCHED_NAME`,`TRIGGER_NAME`,`TRIGGER_GROUP`),
  CONSTRAINT `qrtz_cron_triggers_ibfk_1` FOREIGN KEY (`SCHED_NAME`, `TRIGGER_NAME`, `TRIGGER_GROUP`) REFERENCES `qrtz_triggers` (`SCHED_NAME`, `TRIGGER_NAME`, `TRIGGER_GROUP`) ON DELETE RESTRICT ON UPDATE RESTRICT
) ENGINE=InnoDB DEFAULT CHARSET=utf8;

-- ----------------------------
-- Records of qrtz_cron_triggers
-- ----------------------------
INSERT INTO `qrtz_cron_triggers` VALUES ('MySiteForMeScheduler', 'TASK_1', 'DEFAULT', '0 0 1 * * ?', 'Asia/Shanghai');
INSERT INTO `qrtz_cron_triggers` VALUES ('MySiteForMeScheduler', 'TASK_2', 'DEFAULT', '0 0 1 * * ?', 'Asia/Shanghai');

-- ----------------------------
-- Table structure for qrtz_fired_triggers
-- ----------------------------
DROP TABLE IF EXISTS `qrtz_fired_triggers`;
CREATE TABLE `qrtz_fired_triggers` (
  `SCHED_NAME` varchar(120) CHARACTER SET utf8 COLLATE utf8_general_ci NOT NULL,
  `ENTRY_ID` varchar(140) CHARACTER SET utf8 COLLATE utf8_general_ci NOT NULL,
  `TRIGGER_NAME` varchar(200) CHARACTER SET utf8 COLLATE utf8_general_ci NOT NULL,
  `TRIGGER_GROUP` varchar(200) CHARACTER SET utf8 COLLATE utf8_general_ci NOT NULL,
  `INSTANCE_NAME` varchar(200) CHARACTER SET utf8 COLLATE utf8_general_ci NOT NULL,
  `FIRED_TIME` bigint NOT NULL,
  `SCHED_TIME` bigint NOT NULL,
  `PRIORITY` int NOT NULL,
  `STATE` varchar(16) CHARACTER SET utf8 COLLATE utf8_general_ci NOT NULL,
  `JOB_NAME` varchar(200) CHARACTER SET utf8 COLLATE utf8_general_ci DEFAULT NULL,
  `JOB_GROUP` varchar(200) CHARACTER SET utf8 COLLATE utf8_general_ci DEFAULT NULL,
  `IS_NONCONCURRENT` tinyint(1) DEFAULT NULL,
  `REQUESTS_RECOVERY` tinyint(1) DEFAULT NULL,
  PRIMARY KEY (`SCHED_NAME`,`ENTRY_ID`),
  KEY `IDX_QRTZ_FT_TRIG_INST_NAME` (`SCHED_NAME`,`INSTANCE_NAME`) USING BTREE,
  KEY `IDX_QRTZ_FT_INST_JOB_REQ_RCVRY` (`SCHED_NAME`,`INSTANCE_NAME`,`REQUESTS_RECOVERY`) USING BTREE,
  KEY `IDX_QRTZ_FT_J_G` (`SCHED_NAME`,`JOB_NAME`,`JOB_GROUP`) USING BTREE,
  KEY `IDX_QRTZ_FT_JG` (`SCHED_NAME`,`JOB_GROUP`) USING BTREE,
  KEY `IDX_QRTZ_FT_T_G` (`SCHED_NAME`,`TRIGGER_NAME`,`TRIGGER_GROUP`) USING BTREE,
  KEY `IDX_QRTZ_FT_TG` (`SCHED_NAME`,`TRIGGER_GROUP`) USING BTREE
) ENGINE=InnoDB DEFAULT CHARSET=utf8;

-- ----------------------------
-- Records of qrtz_fired_triggers
-- ----------------------------

-- ----------------------------
-- Table structure for qrtz_job_details
-- ----------------------------
DROP TABLE IF EXISTS `qrtz_job_details`;
CREATE TABLE `qrtz_job_details` (
  `SCHED_NAME` varchar(120) CHARACTER SET utf8 COLLATE utf8_general_ci NOT NULL,
  `JOB_NAME` varchar(200) CHARACTER SET utf8 COLLATE utf8_general_ci NOT NULL,
  `JOB_GROUP` varchar(200) CHARACTER SET utf8 COLLATE utf8_general_ci NOT NULL,
  `DESCRIPTION` varchar(250) CHARACTER SET utf8 COLLATE utf8_general_ci DEFAULT NULL,
  `JOB_CLASS_NAME` varchar(250) CHARACTER SET utf8 COLLATE utf8_general_ci NOT NULL,
  `IS_DURABLE` tinyint(1) NOT NULL,
  `IS_NONCONCURRENT` tinyint(1) NOT NULL,
  `IS_UPDATE_DATA` tinyint(1) NOT NULL,
  `REQUESTS_RECOVERY` tinyint(1) NOT NULL,
  `JOB_DATA` blob,
  PRIMARY KEY (`SCHED_NAME`,`JOB_NAME`,`JOB_GROUP`),
  KEY `IDX_QRTZ_J_REQ_RECOVERY` (`SCHED_NAME`,`REQUESTS_RECOVERY`) USING BTREE,
  KEY `IDX_QRTZ_J_GRP` (`SCHED_NAME`,`JOB_GROUP`) USING BTREE
) ENGINE=InnoDB DEFAULT CHARSET=utf8;

-- ----------------------------
-- Records of qrtz_job_details
-- ----------------------------
INSERT INTO `qrtz_job_details` VALUES ('MySiteForMeScheduler', 'TASK_1', 'DEFAULT', null, 'com.mysiteforme.admin.util.quartz.ScheduleJob', '0', '0', '0', '0', 0xACED0005737200156F72672E71756172747A2E4A6F62446174614D61709FB083E8BFA9B0CB020000787200266F72672E71756172747A2E7574696C732E537472696E674B65794469727479466C61674D61708208E8C3FBC55D280200015A0013616C6C6F77735472616E7369656E74446174617872001D6F72672E71756172747A2E7574696C732E4469727479466C61674D617013E62EAD28760ACE0200025A000564697274794C00036D617074000F4C6A6176612F7574696C2F4D61703B787001737200116A6176612E7574696C2E486173684D61700507DAC1C31660D103000246000A6C6F6164466163746F724900097468726573686F6C6478703F4000000000000C7708000000100000000174000D4A4F425F504152414D5F4B455973720027636F6D2E6D7973697465666F726D652E61646D696E2E656E746974792E51756172747A5461736B00000000000000010200064C000463726F6E7400124C6A6176612F6C616E672F537472696E673B4C00046E616D6571007E00094C0006706172616D7371007E00094C00067374617475737400134C6A6176612F6C616E672F496E74656765723B4C000A7461726765744265616E71007E00094C000B74726765744D6574686F6471007E000978720025636F6D2E6D7973697465666F726D652E61646D696E2E626173652E44617461456E7469747900000000000000010200084C000A637265617465446174657400104C6A6176612F7574696C2F446174653B4C000863726561746549647400104C6A6176612F6C616E672F4C6F6E673B4C000A637265617465557365727400234C636F6D2F6D7973697465666F726D652F61646D696E2F656E746974792F557365723B4C000764656C466C61677400134C6A6176612F6C616E672F426F6F6C65616E3B4C000772656D61726B7371007E00094C000A7570646174654461746571007E000C4C0008757064617465496471007E000D4C000A7570646174655573657271007E000E78720025636F6D2E6D7973697465666F726D652E61646D696E2E626173652E42617365456E74697479F87065A24F9EB43D0200014C0002696471007E000D7872002B636F6D2E62616F6D69646F752E6D796261746973706C75732E6163746976657265636F72642E4D6F64656C000000000000000102000078707372000E6A6176612E6C616E672E4C6F6E673B8BE490CC8F23DF0200014A000576616C7565787200106A6176612E6C616E672E4E756D62657286AC951D0B94E08B020000787000000000000000017372000E6A6176612E7574696C2E44617465686A81014B597419030000787077080000016132EF0DB7787371007E0013000000000000000170737200116A6176612E6C616E672E426F6F6C65616ECD207280D59CFAEE0200015A000576616C7565787000707371007E001677080000016132EF0DB87871007E00187074000B3020302031202A202A203F74001BE5908CE6ADA5E69687E7ABA0E6B58FE8A788E9878FE695B0E68DAE740000737200116A6176612E6C616E672E496E746567657212E2A0A4F781873802000149000576616C75657871007E00140000000074000A73797374656D5461736B74001A73796E6368726F6E697A6174696F6E41727469636C65566965777800);
INSERT INTO `qrtz_job_details` VALUES ('MySiteForMeScheduler', 'TASK_2', 'DEFAULT', null, 'com.mysiteforme.admin.util.quartz.ScheduleJob', '0', '0', '0', '0', 0xACED0005737200156F72672E71756172747A2E4A6F62446174614D61709FB083E8BFA9B0CB020000787200266F72672E71756172747A2E7574696C732E537472696E674B65794469727479466C61674D61708208E8C3FBC55D280200015A0013616C6C6F77735472616E7369656E74446174617872001D6F72672E71756172747A2E7574696C732E4469727479466C61674D617013E62EAD28760ACE0200025A000564697274794C00036D617074000F4C6A6176612F7574696C2F4D61703B787001737200116A6176612E7574696C2E486173684D61700507DAC1C31660D103000246000A6C6F6164466163746F724900097468726573686F6C6478703F4000000000000C7708000000100000000174000D4A4F425F504152414D5F4B455973720027636F6D2E6D7973697465666F726D652E61646D696E2E656E746974792E51756172747A5461736B00000000000000010200064C000463726F6E7400124C6A6176612F6C616E672F537472696E673B4C00046E616D6571007E00094C0006706172616D7371007E00094C00067374617475737400134C6A6176612F6C616E672F496E74656765723B4C000A7461726765744265616E71007E00094C000B74726765744D6574686F6471007E000978720025636F6D2E6D7973697465666F726D652E61646D696E2E626173652E44617461456E7469747900000000000000010200084C000A637265617465446174657400104C6A6176612F7574696C2F446174653B4C000863726561746549647400104C6A6176612F6C616E672F4C6F6E673B4C000A637265617465557365727400234C636F6D2F6D7973697465666F726D652F61646D696E2F656E746974792F557365723B4C000764656C466C61677400134C6A6176612F6C616E672F426F6F6C65616E3B4C000772656D61726B7371007E00094C000A7570646174654461746571007E000C4C0008757064617465496471007E000D4C000A7570646174655573657271007E000E78720025636F6D2E6D7973697465666F726D652E61646D696E2E626173652E42617365456E74697479F87065A24F9EB43D0200014C0002696471007E000D7872002B636F6D2E62616F6D69646F752E6D796261746973706C75732E6163746976657265636F72642E4D6F64656C000000000000000102000078707372000E6A6176612E6C616E672E4C6F6E673B8BE490CC8F23DF0200014A000576616C7565787200106A6176612E6C616E672E4E756D62657286AC951D0B94E08B020000787000000000000000027372000E6A6176612E7574696C2E44617465686A81014B59741903000078707708000001613F9BEBCB787371007E0013000000000000000170737200116A6176612E6C616E672E426F6F6C65616ECD207280D59CFAEE0200015A000576616C7565787000740031E7949FE68890E69687E7ABA0E6909CE7B4A2E7B4A2E5BC95EFBC8CE6AF8FE5A4A9E6999AE4B88A31E782B9E689A7E8A18C7371007E00167708000001613F9BEBCB7871007E00187074000B3020302031202A202A203F740018E7949FE68890E69687E7ABA0E6909CE7B4A2E7B4A2E5BC9574000131737200116A6176612E6C616E672E496E746567657212E2A0A4F781873802000149000576616C75657871007E00140000000074000A73797374656D5461736B74001263726561746541727469636C65496E6465787800);

-- ----------------------------
-- Table structure for qrtz_locks
-- ----------------------------
DROP TABLE IF EXISTS `qrtz_locks`;
CREATE TABLE `qrtz_locks` (
  `SCHED_NAME` varchar(120) CHARACTER SET utf8 COLLATE utf8_general_ci NOT NULL,
  `LOCK_NAME` varchar(40) CHARACTER SET utf8 COLLATE utf8_general_ci NOT NULL,
  PRIMARY KEY (`SCHED_NAME`,`LOCK_NAME`)
) ENGINE=InnoDB DEFAULT CHARSET=utf8;

-- ----------------------------
-- Records of qrtz_locks
-- ----------------------------
INSERT INTO `qrtz_locks` VALUES ('MySiteForMeScheduler', 'STATE_ACCESS');
INSERT INTO `qrtz_locks` VALUES ('MySiteForMeScheduler', 'TRIGGER_ACCESS');

-- ----------------------------
-- Table structure for qrtz_paused_trigger_grps
-- ----------------------------
DROP TABLE IF EXISTS `qrtz_paused_trigger_grps`;
CREATE TABLE `qrtz_paused_trigger_grps` (
  `SCHED_NAME` varchar(120) CHARACTER SET utf8 COLLATE utf8_general_ci NOT NULL,
  `TRIGGER_GROUP` varchar(200) CHARACTER SET utf8 COLLATE utf8_general_ci NOT NULL,
  PRIMARY KEY (`SCHED_NAME`,`TRIGGER_GROUP`)
) ENGINE=InnoDB DEFAULT CHARSET=utf8;

-- ----------------------------
-- Records of qrtz_paused_trigger_grps
-- ----------------------------

-- ----------------------------
-- Table structure for qrtz_scheduler_state
-- ----------------------------
DROP TABLE IF EXISTS `qrtz_scheduler_state`;
CREATE TABLE `qrtz_scheduler_state` (
  `SCHED_NAME` varchar(120) CHARACTER SET utf8 COLLATE utf8_general_ci NOT NULL,
  `INSTANCE_NAME` varchar(200) CHARACTER SET utf8 COLLATE utf8_general_ci NOT NULL,
  `LAST_CHECKIN_TIME` bigint NOT NULL,
  `CHECKIN_INTERVAL` bigint NOT NULL,
  PRIMARY KEY (`SCHED_NAME`,`INSTANCE_NAME`)
) ENGINE=InnoDB DEFAULT CHARSET=utf8;

-- ----------------------------
-- Records of qrtz_scheduler_state
-- ----------------------------
INSERT INTO `qrtz_scheduler_state` VALUES ('MySiteForMeScheduler', 'LAPTOP-6F0PTKTO1597485750128', '1597485903891', '15000');

-- ----------------------------
-- Table structure for qrtz_simple_triggers
-- ----------------------------
DROP TABLE IF EXISTS `qrtz_simple_triggers`;
CREATE TABLE `qrtz_simple_triggers` (
  `SCHED_NAME` varchar(120) CHARACTER SET utf8 COLLATE utf8_general_ci NOT NULL,
  `TRIGGER_NAME` varchar(200) CHARACTER SET utf8 COLLATE utf8_general_ci NOT NULL,
  `TRIGGER_GROUP` varchar(200) CHARACTER SET utf8 COLLATE utf8_general_ci NOT NULL,
  `REPEAT_COUNT` bigint NOT NULL,
  `REPEAT_INTERVAL` bigint NOT NULL,
  `TIMES_TRIGGERED` bigint NOT NULL,
  PRIMARY KEY (`SCHED_NAME`,`TRIGGER_NAME`,`TRIGGER_GROUP`),
  CONSTRAINT `qrtz_simple_triggers_ibfk_1` FOREIGN KEY (`SCHED_NAME`, `TRIGGER_NAME`, `TRIGGER_GROUP`) REFERENCES `qrtz_triggers` (`SCHED_NAME`, `TRIGGER_NAME`, `TRIGGER_GROUP`) ON DELETE RESTRICT ON UPDATE RESTRICT
) ENGINE=InnoDB DEFAULT CHARSET=utf8;

-- ----------------------------
-- Records of qrtz_simple_triggers
-- ----------------------------

-- ----------------------------
-- Table structure for qrtz_simprop_triggers
-- ----------------------------
DROP TABLE IF EXISTS `qrtz_simprop_triggers`;
CREATE TABLE `qrtz_simprop_triggers` (
  `SCHED_NAME` varchar(120) CHARACTER SET utf8 COLLATE utf8_general_ci NOT NULL,
  `TRIGGER_NAME` varchar(200) CHARACTER SET utf8 COLLATE utf8_general_ci NOT NULL,
  `TRIGGER_GROUP` varchar(200) CHARACTER SET utf8 COLLATE utf8_general_ci NOT NULL,
  `STR_PROP_1` varchar(512) CHARACTER SET utf8 COLLATE utf8_general_ci DEFAULT NULL,
  `STR_PROP_2` varchar(512) CHARACTER SET utf8 COLLATE utf8_general_ci DEFAULT NULL,
  `STR_PROP_3` varchar(512) CHARACTER SET utf8 COLLATE utf8_general_ci DEFAULT NULL,
  `INT_PROP_1` int DEFAULT NULL,
  `INT_PROP_2` int DEFAULT NULL,
  `LONG_PROP_1` bigint DEFAULT NULL,
  `LONG_PROP_2` bigint DEFAULT NULL,
  `DEC_PROP_1` decimal(13,4) DEFAULT NULL,
  `DEC_PROP_2` decimal(13,4) DEFAULT NULL,
  `BOOL_PROP_1` tinyint(1) DEFAULT NULL,
  `BOOL_PROP_2` tinyint(1) DEFAULT NULL,
  PRIMARY KEY (`SCHED_NAME`,`TRIGGER_NAME`,`TRIGGER_GROUP`),
  CONSTRAINT `qrtz_simprop_triggers_ibfk_1` FOREIGN KEY (`SCHED_NAME`, `TRIGGER_NAME`, `TRIGGER_GROUP`) REFERENCES `qrtz_triggers` (`SCHED_NAME`, `TRIGGER_NAME`, `TRIGGER_GROUP`) ON DELETE RESTRICT ON UPDATE RESTRICT
) ENGINE=InnoDB DEFAULT CHARSET=utf8;

-- ----------------------------
-- Records of qrtz_simprop_triggers
-- ----------------------------

-- ----------------------------
-- Table structure for qrtz_triggers
-- ----------------------------
DROP TABLE IF EXISTS `qrtz_triggers`;
CREATE TABLE `qrtz_triggers` (
  `SCHED_NAME` varchar(120) CHARACTER SET utf8 COLLATE utf8_general_ci NOT NULL,
  `TRIGGER_NAME` varchar(200) CHARACTER SET utf8 COLLATE utf8_general_ci NOT NULL,
  `TRIGGER_GROUP` varchar(200) CHARACTER SET utf8 COLLATE utf8_general_ci NOT NULL,
  `JOB_NAME` varchar(200) CHARACTER SET utf8 COLLATE utf8_general_ci NOT NULL,
  `JOB_GROUP` varchar(200) CHARACTER SET utf8 COLLATE utf8_general_ci NOT NULL,
  `DESCRIPTION` varchar(250) CHARACTER SET utf8 COLLATE utf8_general_ci DEFAULT NULL,
  `NEXT_FIRE_TIME` bigint DEFAULT NULL,
  `PREV_FIRE_TIME` bigint DEFAULT NULL,
  `PRIORITY` int DEFAULT NULL,
  `TRIGGER_STATE` varchar(16) CHARACTER SET utf8 COLLATE utf8_general_ci NOT NULL,
  `TRIGGER_TYPE` varchar(8) CHARACTER SET utf8 COLLATE utf8_general_ci NOT NULL,
  `START_TIME` bigint NOT NULL,
  `END_TIME` bigint DEFAULT NULL,
  `CALENDAR_NAME` varchar(200) CHARACTER SET utf8 COLLATE utf8_general_ci DEFAULT NULL,
  `MISFIRE_INSTR` smallint DEFAULT NULL,
  `JOB_DATA` blob,
  PRIMARY KEY (`SCHED_NAME`,`TRIGGER_NAME`,`TRIGGER_GROUP`),
  KEY `IDX_QRTZ_T_J` (`SCHED_NAME`,`JOB_NAME`,`JOB_GROUP`) USING BTREE,
  KEY `IDX_QRTZ_T_JG` (`SCHED_NAME`,`JOB_GROUP`) USING BTREE,
  KEY `IDX_QRTZ_T_C` (`SCHED_NAME`,`CALENDAR_NAME`) USING BTREE,
  KEY `IDX_QRTZ_T_G` (`SCHED_NAME`,`TRIGGER_GROUP`) USING BTREE,
  KEY `IDX_QRTZ_T_STATE` (`SCHED_NAME`,`TRIGGER_STATE`) USING BTREE,
  KEY `IDX_QRTZ_T_N_STATE` (`SCHED_NAME`,`TRIGGER_NAME`,`TRIGGER_GROUP`,`TRIGGER_STATE`) USING BTREE,
  KEY `IDX_QRTZ_T_N_G_STATE` (`SCHED_NAME`,`TRIGGER_GROUP`,`TRIGGER_STATE`) USING BTREE,
  KEY `IDX_QRTZ_T_NEXT_FIRE_TIME` (`SCHED_NAME`,`NEXT_FIRE_TIME`) USING BTREE,
  KEY `IDX_QRTZ_T_NFT_ST` (`SCHED_NAME`,`TRIGGER_STATE`,`NEXT_FIRE_TIME`) USING BTREE,
  KEY `IDX_QRTZ_T_NFT_MISFIRE` (`SCHED_NAME`,`MISFIRE_INSTR`,`NEXT_FIRE_TIME`) USING BTREE,
  KEY `IDX_QRTZ_T_NFT_ST_MISFIRE` (`SCHED_NAME`,`MISFIRE_INSTR`,`NEXT_FIRE_TIME`,`TRIGGER_STATE`) USING BTREE,
  KEY `IDX_QRTZ_T_NFT_ST_MISFIRE_GRP` (`SCHED_NAME`,`MISFIRE_INSTR`,`NEXT_FIRE_TIME`,`TRIGGER_GROUP`,`TRIGGER_STATE`) USING BTREE,
  CONSTRAINT `qrtz_triggers_ibfk_1` FOREIGN KEY (`SCHED_NAME`, `JOB_NAME`, `JOB_GROUP`) REFERENCES `qrtz_job_details` (`SCHED_NAME`, `JOB_NAME`, `JOB_GROUP`) ON DELETE RESTRICT ON UPDATE RESTRICT
) ENGINE=InnoDB DEFAULT CHARSET=utf8;

-- ----------------------------
-- Records of qrtz_triggers
-- ----------------------------
INSERT INTO `qrtz_triggers` VALUES ('MySiteForMeScheduler', 'TASK_1', 'DEFAULT', 'TASK_1', 'DEFAULT', null, '1597510800000', '-1', '5', 'WAITING', 'CRON', '1516977982000', '0', null, '2', 0xACED0005737200156F72672E71756172747A2E4A6F62446174614D61709FB083E8BFA9B0CB020000787200266F72672E71756172747A2E7574696C732E537472696E674B65794469727479466C61674D61708208E8C3FBC55D280200015A0013616C6C6F77735472616E7369656E74446174617872001D6F72672E71756172747A2E7574696C732E4469727479466C61674D617013E62EAD28760ACE0200025A000564697274794C00036D617074000F4C6A6176612F7574696C2F4D61703B787001737200116A6176612E7574696C2E486173684D61700507DAC1C31660D103000246000A6C6F6164466163746F724900097468726573686F6C6478703F4000000000000C7708000000100000000174000D4A4F425F504152414D5F4B455973720027636F6D2E6D7973697465666F726D652E61646D696E2E656E746974792E51756172747A5461736B00000000000000010200064C000463726F6E7400124C6A6176612F6C616E672F537472696E673B4C00046E616D6571007E00094C0006706172616D7371007E00094C00067374617475737400134C6A6176612F6C616E672F496E74656765723B4C000A7461726765744265616E71007E00094C000B74726765744D6574686F6471007E000978720025636F6D2E6D7973697465666F726D652E61646D696E2E626173652E44617461456E7469747900000000000000010200084C000A637265617465446174657400104C6A6176612F7574696C2F446174653B4C000863726561746549647400104C6A6176612F6C616E672F4C6F6E673B4C000A637265617465557365727400234C636F6D2F6D7973697465666F726D652F61646D696E2F656E746974792F557365723B4C000764656C466C61677400134C6A6176612F6C616E672F426F6F6C65616E3B4C000772656D61726B7371007E00094C000A7570646174654461746571007E000C4C0008757064617465496471007E000D4C000A7570646174655573657271007E000E78720025636F6D2E6D7973697465666F726D652E61646D696E2E626173652E42617365456E74697479F87065A24F9EB43D0200014C0002696471007E000D7872002B636F6D2E62616F6D69646F752E6D796261746973706C75732E6163746976657265636F72642E4D6F64656C000000000000000102000078707372000E6A6176612E6C616E672E4C6F6E673B8BE490CC8F23DF0200014A000576616C7565787200106A6176612E6C616E672E4E756D62657286AC951D0B94E08B020000787000000000000000017372000E6A6176612E7574696C2E44617465686A81014B597419030000787077080000016132EF0E187871007E001570737200116A6176612E6C616E672E426F6F6C65616ECD207280D59CFAEE0200015A000576616C7565787000740022E6AF8FE5A4A9E5878CE699A831E782B9E9929FE689A7E8A18CE8AFA5E4BBBBE58AA17371007E0016770800000161336910787871007E00157074000B3020302031202A202A203F74001BE5908CE6ADA5E69687E7ABA0E6B58FE8A788E9878FE695B0E68DAE74000131737200116A6176612E6C616E672E496E746567657212E2A0A4F781873802000149000576616C75657871007E00140000000074000A73797374656D5461736B74001A73796E6368726F6E697A6174696F6E41727469636C65566965777800);
INSERT INTO `qrtz_triggers` VALUES ('MySiteForMeScheduler', 'TASK_2', 'DEFAULT', 'TASK_2', 'DEFAULT', null, '1597510800000', '-1', '5', 'WAITING', 'CRON', '1517190638000', '0', null, '2', 0xACED0005737200156F72672E71756172747A2E4A6F62446174614D61709FB083E8BFA9B0CB020000787200266F72672E71756172747A2E7574696C732E537472696E674B65794469727479466C61674D61708208E8C3FBC55D280200015A0013616C6C6F77735472616E7369656E74446174617872001D6F72672E71756172747A2E7574696C732E4469727479466C61674D617013E62EAD28760ACE0200025A000564697274794C00036D617074000F4C6A6176612F7574696C2F4D61703B787001737200116A6176612E7574696C2E486173684D61700507DAC1C31660D103000246000A6C6F6164466163746F724900097468726573686F6C6478703F4000000000000C7708000000100000000174000D4A4F425F504152414D5F4B455973720027636F6D2E6D7973697465666F726D652E61646D696E2E656E746974792E51756172747A5461736B00000000000000010200064C000463726F6E7400124C6A6176612F6C616E672F537472696E673B4C00046E616D6571007E00094C0006706172616D7371007E00094C00067374617475737400134C6A6176612F6C616E672F496E74656765723B4C000A7461726765744265616E71007E00094C000B74726765744D6574686F6471007E000978720025636F6D2E6D7973697465666F726D652E61646D696E2E626173652E44617461456E7469747900000000000000010200084C000A637265617465446174657400104C6A6176612F7574696C2F446174653B4C000863726561746549647400104C6A6176612F6C616E672F4C6F6E673B4C000A637265617465557365727400234C636F6D2F6D7973697465666F726D652F61646D696E2F656E746974792F557365723B4C000764656C466C61677400134C6A6176612F6C616E672F426F6F6C65616E3B4C000772656D61726B7371007E00094C000A7570646174654461746571007E000C4C0008757064617465496471007E000D4C000A7570646174655573657271007E000E78720025636F6D2E6D7973697465666F726D652E61646D696E2E626173652E42617365456E74697479F87065A24F9EB43D0200014C0002696471007E000D7872002B636F6D2E62616F6D69646F752E6D796261746973706C75732E6163746976657265636F72642E4D6F64656C000000000000000102000078707372000E6A6176612E6C616E672E4C6F6E673B8BE490CC8F23DF0200014A000576616C7565787200106A6176612E6C616E672E4E756D62657286AC951D0B94E08B020000787000000000000000027372000E6A6176612E7574696C2E44617465686A81014B59741903000078707708000001613F9BED98787371007E0013000000000000000170737200116A6176612E6C616E672E426F6F6C65616ECD207280D59CFAEE0200015A000576616C7565787000740031E7949FE68890E69687E7ABA0E6909CE7B4A2E7B4A2E5BC95EFBC8CE6AF8FE5A4A9E6999AE4B88A31E782B9E689A7E8A18C7371007E00167708000001613F9BED987871007E00187074000B3020302031202A202A203F740018E7949FE68890E69687E7ABA0E6909CE7B4A2E7B4A2E5BC9574000131737200116A6176612E6C616E672E496E746567657212E2A0A4F781873802000149000576616C75657871007E00140000000074000A73797374656D5461736B74001263726561746541727469636C65496E6465787800);

-- ----------------------------
-- Table structure for quartz_task
-- ----------------------------
DROP TABLE IF EXISTS `quartz_task`;
CREATE TABLE `quartz_task` (
  `id` bigint NOT NULL AUTO_INCREMENT COMMENT '主键',
  `name` varchar(255) CHARACTER SET utf8 COLLATE utf8_general_ci DEFAULT NULL COMMENT '任务名称,input,YES,false,true,true',
  `cron` varchar(255) CHARACTER SET utf8 COLLATE utf8_general_ci DEFAULT NULL COMMENT '任务表达式,input,YES,false,true,false',
  `target_bean` varchar(255) CHARACTER SET utf8 COLLATE utf8_general_ci DEFAULT NULL COMMENT '执行的类,input,YES,false,true,false',
  `trget_method` varchar(255) CHARACTER SET utf8 COLLATE utf8_general_ci DEFAULT NULL COMMENT '执行方法,input,YES,false,true,false',
  `params` varchar(255) CHARACTER SET utf8 COLLATE utf8_general_ci DEFAULT NULL COMMENT '执行参数,textarea,YES,false,false,false',
  `status` int DEFAULT NULL COMMENT '任务状态,radio,YES,false,true,true',
  `create_date` datetime DEFAULT NULL COMMENT '创建时间',
  `create_by` bigint DEFAULT NULL COMMENT '创建人',
  `update_date` datetime DEFAULT NULL COMMENT '修改时间',
  `update_by` bigint DEFAULT NULL COMMENT '修改人',
  `remarks` varchar(255) CHARACTER SET utf8 COLLATE utf8_general_ci DEFAULT NULL COMMENT '备注',
  `del_flag` tinyint DEFAULT NULL COMMENT '删除标记',
  PRIMARY KEY (`id`)
) ENGINE=InnoDB AUTO_INCREMENT=3 DEFAULT CHARSET=utf8 COMMENT='定时任务,1';

-- ----------------------------
-- Records of quartz_task
-- ----------------------------
INSERT INTO `quartz_task` VALUES ('1', '同步文章浏览量数据', '0 0 1 * * ?', 'systemTask', 'synchronizationArticleView', '1', '0', '2018-01-26 22:46:23', '1', '2018-01-27 00:59:39', '1', '每天凌晨1点钟执行该任务', '0');
INSERT INTO `quartz_task` VALUES ('2', '生成文章搜索索引', '0 0 1 * * ?', 'systemTask', 'createArticleIndex', '1', '0', '2018-01-29 09:50:39', '1', '2018-01-29 09:50:39', '1', '生成文章搜索索引，每天晚上1点执行', '0');

-- ----------------------------
-- Table structure for quartz_task_log
-- ----------------------------
DROP TABLE IF EXISTS `quartz_task_log`;
CREATE TABLE `quartz_task_log` (
  `id` bigint NOT NULL AUTO_INCREMENT COMMENT '主键',
  `job_id` bigint DEFAULT NULL COMMENT '任务ID,0,YES,false,false,false',
  `name` varchar(255) CHARACTER SET utf8 COLLATE utf8_general_ci DEFAULT NULL COMMENT '定时任务名称,input,YES,false,true,true',
  `target_bean` varchar(255) CHARACTER SET utf8 COLLATE utf8_general_ci DEFAULT NULL COMMENT '定制任务执行类,input,YES,false,true,false',
  `trget_method` varchar(255) CHARACTER SET utf8 COLLATE utf8_general_ci DEFAULT NULL COMMENT '定时任务执行方法,input,YES,false,true,false',
  `params` varchar(255) CHARACTER SET utf8 COLLATE utf8_general_ci DEFAULT NULL COMMENT '执行参数,input,YES,false,true,false',
  `status` int DEFAULT NULL COMMENT '任务状态,0,YES,false,false,false',
  `error` text CHARACTER SET utf8 COLLATE utf8_general_ci COMMENT '异常消息,textarea,YES,false,false,false',
  `times` int DEFAULT NULL COMMENT '执行时间,input,YES,false,true,false',
  `create_date` datetime DEFAULT NULL COMMENT '创建时间',
  `create_by` bigint DEFAULT NULL COMMENT '创建人',
  `update_date` datetime DEFAULT NULL COMMENT '修改时间',
  `update_by` bigint DEFAULT NULL COMMENT '修改人',
  `remarks` varchar(255) CHARACTER SET utf8 COLLATE utf8_general_ci DEFAULT NULL COMMENT '备注',
  `del_flag` tinyint DEFAULT NULL COMMENT '删除标记',
  PRIMARY KEY (`id`)
) ENGINE=InnoDB DEFAULT CHARSET=utf8 COMMENT='任务执行日志,1';

-- ----------------------------
-- Records of quartz_task_log
-- ----------------------------

-- ----------------------------
-- Table structure for sys_dict
-- ----------------------------
DROP TABLE IF EXISTS `sys_dict`;
CREATE TABLE `sys_dict` (
  `id` bigint NOT NULL AUTO_INCREMENT COMMENT '编号',
  `value` varchar(100) CHARACTER SET utf8 COLLATE utf8_bin DEFAULT NULL COMMENT '数据值',
  `label` varchar(100) CHARACTER SET utf8 COLLATE utf8_bin DEFAULT NULL COMMENT '标签名',
  `type` varchar(100) CHARACTER SET utf8 COLLATE utf8_bin DEFAULT NULL COMMENT '类型',
  `description` varchar(100) CHARACTER SET utf8 COLLATE utf8_bin DEFAULT NULL COMMENT '描述',
  `sort` int DEFAULT NULL COMMENT '排序（升序）',
  `parent_id` varchar(64) CHARACTER SET utf8 COLLATE utf8_bin DEFAULT '0' COMMENT '父级编号',
  `create_by` varchar(64) CHARACTER SET utf8 COLLATE utf8_bin DEFAULT NULL COMMENT '创建者',
  `create_date` datetime DEFAULT NULL COMMENT '创建时间',
  `update_by` varchar(64) CHARACTER SET utf8 COLLATE utf8_bin DEFAULT NULL COMMENT '更新者',
  `update_date` datetime DEFAULT NULL COMMENT '更新时间',
  `remarks` varchar(255) CHARACTER SET utf8 COLLATE utf8_bin DEFAULT NULL COMMENT '备注信息',
  `del_flag` char(1) CHARACTER SET utf8 COLLATE utf8_bin NOT NULL DEFAULT '0' COMMENT '删除标记',
  PRIMARY KEY (`id`),
  KEY `sys_dict_value` (`value`) USING BTREE,
  KEY `sys_dict_label` (`label`) USING BTREE,
  KEY `sys_dict_del_flag` (`del_flag`) USING BTREE
) ENGINE=InnoDB AUTO_INCREMENT=125 DEFAULT CHARSET=utf8 COLLATE=utf8_bin COMMENT='字典表,测试表';

-- ----------------------------
-- Records of sys_dict
-- ----------------------------
INSERT INTO `sys_dict` VALUES ('1', '0', '否', 'is_or_not', '系统字段', '0', '0', '1', '2018-01-05 20:38:12', '1', '2018-01-05 20:38:15', null, '0');
INSERT INTO `sys_dict` VALUES ('2', '1', '是', 'is_or_not', '系统字段', '1', '0', '1', '2018-01-05 20:38:40', '1', '2018-01-05 20:38:44', null, '0');
INSERT INTO `sys_dict` VALUES ('3', 'qiniu', '七牛云存储', 'sys_rescource_source', '系统字段', '0', '0', '1', '2018-01-14 06:39:57', '1', '2018-01-14 06:39:57', null, '0');
INSERT INTO `sys_dict` VALUES ('4', 'oss', '阿里云存储', 'sys_rescource_source', '系统字段', '1', '0', '1', '2018-01-14 06:39:57', '1', '2018-01-14 06:39:57', null, '0');
INSERT INTO `sys_dict` VALUES ('108', '2333', '我的标签2', 'you_sign', null, '2', '0', '1', '2018-01-16 16:03:12', '1', '2018-01-16 17:52:15', null, '0');
INSERT INTO `sys_dict` VALUES ('110', '322', '他的标签', 'you_sign', '我', '3', '0', '1', '2018-01-16 17:52:49', '1', '2018-01-16 18:02:37', null, '0');
INSERT INTO `sys_dict` VALUES ('121', '1', '本站文章', 'blog_article_category', '博客内容-文章类型(此数据为系统自动创建:数据表【blog_article】中的字段【category】对应的值)', '0', '0', '1', '2018-01-17 16:05:45', '1', '2018-01-17 16:05:45', null, '0');
INSERT INTO `sys_dict` VALUES ('122', '2', '外链', 'blog_article_category', '博客内容-文章类型(此数据为系统自动创建:数据表【blog_article】中的字段【category】对应的值)', '1', '0', '1', '2018-01-17 16:05:45', '1', '2018-01-17 16:05:45', null, '0');
INSERT INTO `sys_dict` VALUES ('123', '0', '正常', 'quartz_task_status', '定时任务-任务状态(此数据为系统自动创建:数据表【quartz_task】中的字段【status】对应的值)', '0', '0', '1', '2018-01-24 23:41:56', '1', '2018-01-24 23:41:56', null, '0');
INSERT INTO `sys_dict` VALUES ('124', '1', '暂停', 'quartz_task_status', '定时任务-任务状态(此数据为系统自动创建:数据表【quartz_task】中的字段【status】对应的值)', '1', '0', '1', '2018-01-24 23:41:56', '1', '2018-01-24 23:41:56', null, '0');

-- ----------------------------
-- Table structure for sys_group
-- ----------------------------
DROP TABLE IF EXISTS `sys_group`;
CREATE TABLE `sys_group` (
  `id` bigint NOT NULL AUTO_INCREMENT,
  `name` varchar(40) CHARACTER SET utf8 COLLATE utf8_general_ci DEFAULT NULL COMMENT '分组名称',
  `parent_id` bigint DEFAULT NULL COMMENT '父分组ID',
  `level` bigint DEFAULT NULL,
  `parent_ids` varchar(2000) CHARACTER SET utf8 COLLATE utf8_general_ci DEFAULT NULL COMMENT '分组序列号',
  `sort` smallint DEFAULT NULL COMMENT '分组排序值',
  `create_by` bigint DEFAULT NULL,
  `create_date` datetime DEFAULT NULL,
  `update_by` bigint DEFAULT NULL,
  `update_date` datetime DEFAULT NULL,
  `remarks` varchar(255) CHARACTER SET utf8 COLLATE utf8_general_ci DEFAULT NULL,
  `del_flag` tinyint DEFAULT NULL,
  PRIMARY KEY (`id`)
) ENGINE=InnoDB DEFAULT CHARSET=utf8;

-- ----------------------------
-- Records of sys_group
-- ----------------------------

-- ----------------------------
-- Table structure for sys_group_ur
-- ----------------------------
DROP TABLE IF EXISTS `sys_group_ur`;
CREATE TABLE `sys_group_ur` (
  `group_id` bigint NOT NULL COMMENT '分组ID',
  `user_id` bigint DEFAULT NULL COMMENT '用户ID',
  `role_id` bigint DEFAULT NULL COMMENT '角色ID',
  PRIMARY KEY (`group_id`)
) ENGINE=InnoDB DEFAULT CHARSET=utf8;

-- ----------------------------
-- Records of sys_group_ur
-- ----------------------------

-- ----------------------------
-- Table structure for sys_log
-- ----------------------------
DROP TABLE IF EXISTS `sys_log`;
CREATE TABLE `sys_log` (
  `id` bigint NOT NULL AUTO_INCREMENT COMMENT '编号',
  `type` varchar(20) CHARACTER SET utf8 COLLATE utf8_bin DEFAULT NULL COMMENT '请求类型',
  `title` varchar(255) CHARACTER SET utf8 COLLATE utf8_bin DEFAULT '' COMMENT '日志标题',
  `remote_addr` varchar(255) CHARACTER SET utf8 COLLATE utf8_bin DEFAULT NULL COMMENT '操作IP地址',
  `username` varchar(255) CHARACTER SET utf8 COLLATE utf8_bin DEFAULT NULL COMMENT '操作用户昵称',
  `request_uri` varchar(255) CHARACTER SET utf8 COLLATE utf8_bin DEFAULT NULL COMMENT '请求URI',
  `http_method` varchar(10) CHARACTER SET utf8 COLLATE utf8_bin DEFAULT NULL COMMENT '操作方式',
  `class_method` varchar(255) CHARACTER SET utf8 COLLATE utf8_bin DEFAULT NULL COMMENT '请求类型.方法',
  `params` text CHARACTER SET utf8 COLLATE utf8_bin COMMENT '操作提交的数据',
  `session_id` varchar(255) CHARACTER SET utf8 COLLATE utf8_bin DEFAULT NULL COMMENT 'sessionId',
  `response` longtext CHARACTER SET utf8 COLLATE utf8_bin COMMENT '返回内容',
  `use_time` bigint DEFAULT NULL COMMENT '方法执行时间',
  `browser` varchar(255) CHARACTER SET utf8 COLLATE utf8_bin DEFAULT NULL COMMENT '浏览器信息',
  `area` varchar(255) CHARACTER SET utf8 COLLATE utf8_bin DEFAULT NULL COMMENT '地区',
  `province` varchar(255) CHARACTER SET utf8 COLLATE utf8_bin DEFAULT NULL COMMENT '省',
  `city` varchar(255) CHARACTER SET utf8 COLLATE utf8_bin DEFAULT NULL COMMENT '市',
  `isp` varchar(255) CHARACTER SET utf8 COLLATE utf8_bin DEFAULT NULL COMMENT '网络服务提供商',
  `exception` text CHARACTER SET utf8 COLLATE utf8_bin COMMENT '异常信息',
  `create_by` varchar(64) CHARACTER SET utf8 COLLATE utf8_bin DEFAULT NULL COMMENT '创建者',
  `create_date` datetime DEFAULT NULL COMMENT '创建时间',
  `update_by` bigint DEFAULT NULL,
  `update_date` datetime DEFAULT NULL,
  `remarks` varchar(255) CHARACTER SET utf8 COLLATE utf8_bin DEFAULT NULL,
  `del_flag` bit(1) DEFAULT NULL,
  PRIMARY KEY (`id`),
  KEY `sys_log_create_by` (`create_by`) USING BTREE,
  KEY `sys_log_request_uri` (`request_uri`) USING BTREE,
  KEY `sys_log_type` (`type`) USING BTREE,
  KEY `sys_log_create_date` (`create_date`) USING BTREE
) ENGINE=InnoDB AUTO_INCREMENT=263 DEFAULT CHARSET=utf8 COLLATE=utf8_bin COMMENT='系统日志';

-- ----------------------------
-- Records of sys_log
-- ----------------------------

-- ----------------------------
-- Table structure for sys_menu
-- ----------------------------
DROP TABLE IF EXISTS `sys_menu`;
CREATE TABLE `sys_menu` (
  `id` bigint NOT NULL AUTO_INCREMENT,
  `name` varchar(40) CHARACTER SET utf8 COLLATE utf8_general_ci DEFAULT NULL COMMENT '菜单名称',
  `parent_id` bigint DEFAULT NULL COMMENT '父菜单',
  `level` bigint DEFAULT NULL COMMENT '菜单层级',
  `parent_ids` varchar(2000) CHARACTER SET utf8 COLLATE utf8_general_ci DEFAULT NULL COMMENT '父菜单联集',
  `sort` smallint DEFAULT NULL COMMENT '排序',
  `href` varchar(2000) CHARACTER SET utf8 COLLATE utf8_general_ci DEFAULT NULL COMMENT '链接地址',
  `target` varchar(20) CHARACTER SET utf8 COLLATE utf8_general_ci DEFAULT NULL COMMENT '打开方式',
  `icon` varchar(100) CHARACTER SET utf8 COLLATE utf8_general_ci DEFAULT NULL COMMENT '菜单图标',
  `bg_color` varchar(255) CHARACTER SET utf8 COLLATE utf8_general_ci DEFAULT NULL COMMENT '显示背景色',
  `is_show` tinyint DEFAULT NULL COMMENT '是否显示',
  `permission` varchar(200) CHARACTER SET utf8 COLLATE utf8_general_ci DEFAULT NULL COMMENT '权限标识',
  `create_by` bigint DEFAULT NULL,
  `create_date` datetime DEFAULT NULL,
  `update_by` bigint DEFAULT NULL,
  `update_date` datetime DEFAULT NULL,
  `remarks` varchar(255) CHARACTER SET utf8 COLLATE utf8_general_ci DEFAULT NULL,
  `del_flag` tinyint DEFAULT NULL,
  PRIMARY KEY (`id`)
) ENGINE=InnoDB AUTO_INCREMENT=63 DEFAULT CHARSET=utf8;

-- ----------------------------
-- Records of sys_menu
-- ----------------------------
INSERT INTO `sys_menu` VALUES ('1', '系统管理', null, '1', '1,', '20', '', null, '', null, '1', '', '1', '2018-01-16 11:29:46', '1', '2018-01-20 03:09:26', null, '0');
INSERT INTO `sys_menu` VALUES ('2', '系统用户管理', '1', '2', '1,2,', '9', '/admin/system/user/list', null, '', '#47e69c', '1', 'sys:user:list', '1', '2018-01-16 11:31:18', '1', '2018-01-20 05:59:20', null, '0');
INSERT INTO `sys_menu` VALUES ('3', '系统角色管理', '1', '2', '1,3,', '10', '/admin/system/role/list', null, '', '#c23ab9', '1', 'sys:role:list', '1', '2018-01-16 11:32:33', '1', '2018-01-20 05:58:58', null, '0');
INSERT INTO `sys_menu` VALUES ('4', '系统权限管理', '1', '2', '1,4,', '20', '/admin/system/menu/list', null, '', '#d4573b', '1', 'sys:menu:list', '1', '2018-01-16 11:33:19', '1', '2018-02-08 09:49:28', null, '0');
INSERT INTO `sys_menu` VALUES ('5', '系统资源管理', '1', '2', '1,5,', '30', '/admin/system/rescource/list', null, '', '#f5e42a', '1', 'sys:rescource:list', '1', '2018-01-16 11:34:48', '1', '2018-01-20 05:56:35', null, '0');
INSERT INTO `sys_menu` VALUES ('6', '系统日志管理', '1', '2', '1,6,', '40', '/admin/system/log/list', null, '', '#b56c18', '1', 'sys:log:list', '1', '2018-01-16 11:35:31', '1', '2018-01-20 05:12:17', null, '0');
INSERT INTO `sys_menu` VALUES ('7', '网站基本信息', '1', '2', '1,7,', '50', '/admin/system/site/show', null, '', '#95deb9', '1', 'sys:site:list', '1', '2018-01-16 11:36:50', '1', '2018-01-20 05:55:44', null, '0');
INSERT INTO `sys_menu` VALUES ('8', '数据库管理', '1', '2', '1,8,', '60', '/admin/system/table/list', null, '', '#369e16', '1', 'sys:table:list', '1', '2018-01-16 11:38:29', '1', '2018-01-20 03:14:23', null, '0');
INSERT INTO `sys_menu` VALUES ('9', '系统字典管理', '1', '2', '1,9,', '70', '/admin/system/dict/list', null, '', '#1bbcc2', '1', 'sys:dict:list', '1', '2018-01-16 14:51:52', '1', '2018-01-20 03:12:27', null, '0');
INSERT INTO `sys_menu` VALUES ('10', '博客管理', null, '1', '10,', '10', '', null, '', null, '1', '', '1', '2018-01-17 13:21:53', '1', '2018-01-22 00:28:28', null, '0');
INSERT INTO `sys_menu` VALUES ('11', '栏目管理', '10', '2', '10,11,', '6', '/admin/blogChannel/list', null, '', null, '1', 'blog:channel:list', '1', '2018-01-17 13:22:57', '1', '2018-02-08 10:20:54', null, '0');
INSERT INTO `sys_menu` VALUES ('12', '博客评论', '10', '2', '10,12,', '7', '/admin/blogComment/list', null, '', '#c8e332', '1', 'blog:comment:list', '1', '2018-01-17 13:23:52', '1', '2018-02-08 10:25:26', null, '0');
INSERT INTO `sys_menu` VALUES ('13', '博客文章', '10', '2', '10,13,', '8', '/admin/blogArticle/list', null, '', '#1962b5', '1', 'blog:article:list', '1', '2018-01-17 16:02:07', '1', '2018-02-08 10:26:13', null, '0');
INSERT INTO `sys_menu` VALUES ('14', '定时任务', null, '1', '14,', '5', '', null, '', null, '1', '', '1', '2018-01-26 22:39:35', '1', '2018-02-08 10:31:05', null, '0');
INSERT INTO `sys_menu` VALUES ('15', '任务列表', '14', '2', '14,15,', '15', '/admin/quartzTask/list', null, '', '#d6d178', '1', 'quartz:task:list', '1', '2018-01-26 22:41:25', '1', '2018-02-08 10:31:11', null, '0');
INSERT INTO `sys_menu` VALUES ('16', '任务执行日志', '14', '2', '14,16,', '10', '/admin/quartzTaskLog/list', null, '', '#5158d6', '1', 'quartz:log:list', '1', '2018-01-27 01:07:11', '1', '2018-02-08 10:37:51', null, '0');
INSERT INTO `sys_menu` VALUES ('17', '新增字典', '9', '3', '1,9,17,', '0', '', null, null, null, '0', 'sys:dict:add', '1', '2018-02-08 09:39:09', '1', '2018-02-08 09:39:19', null, '0');
INSERT INTO `sys_menu` VALUES ('18', '编辑字典', '9', '3', '1,9,18,', '10', '', null, null, null, '0', 'sys:dict:edit', '1', '2018-02-08 09:40:37', '1', '2018-02-08 09:40:46', null, '0');
INSERT INTO `sys_menu` VALUES ('19', '编辑字典类型', '9', '3', '1,9,19,', '20', '', null, null, null, '0', 'sys:dict:editType', '1', '2018-02-08 09:42:46', '1', '2018-02-08 09:54:07', null, '0');
INSERT INTO `sys_menu` VALUES ('20', '新增系统权限', '4', '3', '1,4,20,', '0', '', null, null, null, '0', 'sys:menu:add', '1', '2018-02-08 09:49:15', '1', '2018-02-08 09:49:38', null, '0');
INSERT INTO `sys_menu` VALUES ('21', '编辑系统权限', '4', '3', '1,4,21,', '10', '', null, null, null, '0', 'sys:menu:edit', '1', '2018-02-08 09:50:16', '1', '2018-02-08 09:50:25', null, '0');
INSERT INTO `sys_menu` VALUES ('22', '删除系统权限', '4', '3', '1,4,22,', '20', '', null, null, null, '0', 'sys:menu:delete', '1', '2018-02-08 09:51:53', '1', '2018-02-08 09:53:42', null, '0');
INSERT INTO `sys_menu` VALUES ('23', '删除系统资源', '5', '3', '1,5,23,', '0', '', null, null, null, '0', 'sys:rescource:delete', '1', '2018-02-08 09:56:44', '1', '2018-02-08 09:56:53', null, '0');
INSERT INTO `sys_menu` VALUES ('24', '新增系统角色', '3', '3', '1,3,24,', '0', '', null, null, null, '0', 'sys:role:add', '1', '2018-02-08 09:58:11', '1', '2018-02-08 09:58:11', null, '0');
INSERT INTO `sys_menu` VALUES ('25', '编辑菜单权限', '3', '3', '1,3,25,', '10', '', null, null, null, '0', 'sys:role:edit', '1', '2018-02-08 09:59:01', '1', '2018-02-08 09:59:01', null, '0');
INSERT INTO `sys_menu` VALUES ('26', '删除角色', '3', '3', '1,3,26,', '20', '', null, null, null, '0', 'sys:role:delete', '1', '2018-02-08 09:59:56', '1', '2018-02-08 09:59:56', null, '0');
INSERT INTO `sys_menu` VALUES ('27', '编辑系统信息', '7', '3', '1,7,27,', '0', '', null, null, null, '0', 'sys:site:edit', '1', '2018-02-08 10:01:40', '1', '2018-02-08 10:01:40', null, '0');
INSERT INTO `sys_menu` VALUES ('28', '数据库新增', '8', '3', '1,8,28,', '0', '', null, null, null, '0', 'sys:table:add', '1', '2018-02-08 10:02:51', '1', '2018-02-08 10:02:51', null, '0');
INSERT INTO `sys_menu` VALUES ('29', '编辑数据库', '8', '3', '1,8,29,', '10', '', null, null, null, '0', 'sys:table:edit', '1', '2018-02-08 10:03:58', '1', '2018-02-08 10:03:58', null, '0');
INSERT INTO `sys_menu` VALUES ('30', '新增数据库字段', '8', '3', '1,8,30,', '20', '', null, null, null, '0', 'sys:table:addField', '1', '2018-02-08 10:05:11', '1', '2018-02-08 10:05:11', null, '0');
INSERT INTO `sys_menu` VALUES ('31', '编辑数据库字段', '8', '3', '1,8,31,', '30', '', null, null, null, '0', 'sys:table:editField', '1', '2018-02-08 10:05:47', '1', '2018-02-08 10:05:47', null, '0');
INSERT INTO `sys_menu` VALUES ('32', '删除数据库字段', '8', '3', '1,8,32,', '40', '', null, null, null, '0', 'sys:table:deleteField', '1', '2018-02-08 10:07:29', '1', '2018-02-08 10:15:39', null, '0');
INSERT INTO `sys_menu` VALUES ('33', '删除数据库', '8', '3', '1,8,33,', '50', '', null, null, null, '0', 'sys:table:deleteTable', '1', '2018-02-08 10:08:16', '1', '2018-02-08 10:08:16', null, '0');
INSERT INTO `sys_menu` VALUES ('34', '下载源码', '8', '3', '1,8,34,', '60', '', null, null, null, '0', 'sys:table:download', '1', '2018-02-08 10:09:28', '1', '2018-02-08 10:09:28', null, '0');
INSERT INTO `sys_menu` VALUES ('35', '新增系统用户', '2', '3', '1,2,35,', '0', '', null, null, null, '0', 'sys:user:add', '1', '2018-02-08 10:10:32', '1', '2018-02-08 10:10:32', null, '0');
INSERT INTO `sys_menu` VALUES ('36', '编辑系统用户', '2', '3', '1,2,36,', '10', '', null, null, null, '0', 'sys:user:edit', '1', '2018-02-08 10:11:49', '1', '2018-02-08 10:11:49', null, '0');
INSERT INTO `sys_menu` VALUES ('37', '删除系统用户', '2', '3', '1,2,37,', '20', '', null, null, null, '0', 'sys:user:delete', '1', '2018-02-08 10:12:43', '1', '2018-02-08 10:12:43', null, '0');
INSERT INTO `sys_menu` VALUES ('38', '新增博客文章', '13', '3', '10,13,38,', '0', '', null, null, null, '0', 'blog:article:add', '1', '2018-02-08 10:16:59', '1', '2018-02-08 10:16:59', null, '0');
INSERT INTO `sys_menu` VALUES ('39', '博客文章编辑', '13', '3', '10,13,39,', '10', '', null, null, null, '0', 'blog:article:edit', '1', '2018-02-08 10:17:16', '1', '2018-02-08 10:17:16', null, '0');
INSERT INTO `sys_menu` VALUES ('40', '博客文章删除', '13', '3', '10,13,40,', '20', '', null, null, null, '0', 'blog:article:delete', '1', '2018-02-08 10:17:34', '1', '2018-02-08 10:44:02', null, '0');
INSERT INTO `sys_menu` VALUES ('41', '博客评论回复', '12', '3', '10,12,41,', '0', '', null, null, null, '0', 'blog:comment:reply', '1', '2018-02-08 10:19:29', '1', '2018-02-08 10:20:33', null, '0');
INSERT INTO `sys_menu` VALUES ('42', '新增博客栏目', '11', '3', '10,11,42,', '0', '', null, null, null, '0', 'blog:channel:add', '1', '2018-02-08 10:22:06', '1', '2018-02-08 10:22:06', null, '0');
INSERT INTO `sys_menu` VALUES ('43', '编辑博客栏目', '11', '3', '10,11,43,', '10', '', null, null, null, '0', 'blog:channel:edit', '1', '2018-02-08 10:23:31', '1', '2018-02-08 10:23:31', null, '0');
INSERT INTO `sys_menu` VALUES ('44', '删除博客栏目', '11', '3', '10,11,44,', '20', '', null, null, null, '0', 'blog:channel:delete', '1', '2018-02-08 10:23:57', '1', '2018-02-08 10:23:57', null, '0');
INSERT INTO `sys_menu` VALUES ('45', '删除博客评论', '12', '3', '10,12,45,', '10', '', null, null, null, '0', 'blog:comment:delete', '1', '2018-02-08 10:28:48', '1', '2018-02-08 10:28:48', null, '0');
INSERT INTO `sys_menu` VALUES ('46', '新增定时任务', '15', '3', '14,15,46,', '0', '', null, null, null, '0', 'quartz:task:add', '1', '2018-02-08 10:32:46', '1', '2018-02-08 10:32:46', null, '0');
INSERT INTO `sys_menu` VALUES ('47', '编辑定时任务', '15', '3', '14,15,47,', '10', '', null, null, null, '0', 'quartz:task:edit', '1', '2018-02-08 10:34:18', '1', '2018-02-08 10:34:18', null, '0');
INSERT INTO `sys_menu` VALUES ('48', '删除定时任务', '15', '3', '14,15,48,', '20', '', null, null, null, '0', 'quartz:task:delete', '1', '2018-02-08 10:35:07', '1', '2018-02-08 10:35:07', null, '0');
INSERT INTO `sys_menu` VALUES ('49', '暂停定时任务', '15', '3', '14,15,49,', '30', '', null, null, null, '0', 'quartz:task:paush', '1', '2018-02-08 10:35:43', '1', '2018-02-08 10:35:43', null, '0');
INSERT INTO `sys_menu` VALUES ('50', '恢复运行任务', '15', '3', '14,15,50,', '40', '', null, null, null, '0', 'quartz:task:resume', '1', '2018-02-08 10:36:26', '1', '2018-02-08 10:36:26', null, '0');
INSERT INTO `sys_menu` VALUES ('51', '立即执行运行任务', '15', '3', '14,15,51,', '50', '', null, null, null, '0', 'quartz:task:run', '1', '2018-02-08 10:36:55', '1', '2018-02-08 10:36:55', null, '0');
INSERT INTO `sys_menu` VALUES ('52', '删除定时任务日志', '16', '3', '14,16,52,', '0', '', null, null, null, '0', 'quartz:log:delete', '1', '2018-02-08 10:39:04', '1', '2018-02-08 10:39:04', null, '0');
INSERT INTO `sys_menu` VALUES ('53', '修改密码', '2', '3', '1,2,53,', '30', '', null, '', null, '0', 'sys:user:changePassword', '1', '2018-03-15 10:14:06', '1', '2018-03-15 10:14:06', null, '0');
INSERT INTO `sys_menu` VALUES ('54', '删除字典', '9', '3', '1,9,54,', '30', '', null, null, null, '0', 'sys:dict:delete', '1', '2018-03-15 10:16:55', '1', '2018-03-15 10:16:55', null, '0');
INSERT INTO `sys_menu` VALUES ('55', '系统日志删除', '6', '3', '1,6,55,', '0', '', null, null, null, '0', 'system:logs:delete', '1', '2018-06-16 04:30:32', '1', '2018-06-16 04:30:32', null, '0');
INSERT INTO `sys_menu` VALUES ('56', '博客标签', '10', '2', '10,56,', '3', '/admin/blogTags/list', null, '', '#c3e8ce', '1', 'blog:tags:list', '1', '2018-06-16 04:42:15', '1', '2018-06-16 04:42:30', null, '0');
INSERT INTO `sys_menu` VALUES ('57', '博客标签新增', '56', '3', '10,56,57,', '0', '', null, null, null, '0', 'blog:tags:add', '1', '2018-06-16 04:43:02', '1', '2018-06-16 04:43:02', null, '0');
INSERT INTO `sys_menu` VALUES ('58', '博客标签编辑', '56', '3', '10,56,58,', '10', '', null, null, null, '0', 'blog:tags:edit', '1', '2018-06-16 04:43:26', '1', '2018-06-16 04:43:26', null, '0');
INSERT INTO `sys_menu` VALUES ('59', '博客标签删除', '56', '3', '10,56,59,', '20', '', null, null, null, '0', 'blog:tags:delete', '1', '2018-06-16 04:43:56', '1', '2018-06-16 04:43:56', null, '0');
INSERT INTO `sys_menu` VALUES ('60', 'Druid数据监控', '1', '2', '1,60,', '25', '/admin/druid/list', null, '', '#7e8755', '1', 'sys:druid:list', '1', '2018-06-16 05:06:17', '1', '2018-06-16 05:06:26', null, '0');
INSERT INTO `sys_menu` VALUES ('61', '七牛云存储信息', '7', '3', '1,7,61,', '10', '', null, null, null, '0', 'sys:site:editQiniu', '1', '2018-07-12 18:46:39', '1', '2018-07-12 18:46:39', null, '0');
INSERT INTO `sys_menu` VALUES ('62', '阿里云信息存储', '7', '3', '1,7,62,', '20', '', null, null, null, '0', 'sys:site:editOss', '1', '2018-07-12 18:47:05', '1', '2018-07-12 18:47:05', null, '0');

-- ----------------------------
-- Table structure for sys_rescource
-- ----------------------------
DROP TABLE IF EXISTS `sys_rescource`;
CREATE TABLE `sys_rescource` (
  `id` bigint NOT NULL AUTO_INCREMENT COMMENT '主键',
  `file_name` varchar(255) CHARACTER SET utf8 COLLATE utf8_general_ci DEFAULT NULL COMMENT '文件名称',
  `source` varchar(255) CHARACTER SET utf8 COLLATE utf8_general_ci DEFAULT NULL COMMENT '来源',
  `web_url` varchar(500) CHARACTER SET utf8 COLLATE utf8_general_ci DEFAULT NULL COMMENT '资源网络地址',
  `hash` varchar(255) CHARACTER SET utf8 COLLATE utf8_general_ci DEFAULT NULL COMMENT '文件标识',
  `file_size` varchar(50) CHARACTER SET utf8 COLLATE utf8_general_ci DEFAULT NULL COMMENT '文件大小',
  `file_type` varchar(255) CHARACTER SET utf8 COLLATE utf8_general_ci DEFAULT NULL COMMENT '文件类型',
  `original_net_url` text CHARACTER SET utf8 COLLATE utf8_general_ci,
  `create_date` datetime DEFAULT NULL COMMENT '创建时间',
  `create_by` bigint DEFAULT NULL COMMENT '创建人',
  `update_date` datetime DEFAULT NULL COMMENT '修改时间',
  `update_by` bigint DEFAULT NULL COMMENT '修改人',
  `remarks` varchar(255) CHARACTER SET utf8 COLLATE utf8_general_ci DEFAULT NULL COMMENT '备注',
  `del_flag` tinyint DEFAULT NULL COMMENT '删除标记',
  PRIMARY KEY (`id`)
) ENGINE=InnoDB AUTO_INCREMENT=5 DEFAULT CHARSET=utf8 COMMENT='系统资源';

-- ----------------------------
-- Records of sys_rescource
-- ----------------------------
INSERT INTO `sys_rescource` VALUES ('2', '77861034-25ef-4856-87ec-24da18398ecf.jpg', 'qiniu', 'https://static.mysiteforme.com/77861034-25ef-4856-87ec-24da18398ecf.jpg', 'FvRpJ_-DlF-eFJ4l28xVGVUsHRCX', '105kb', '.jpg', null, '2018-02-08 13:57:44', '1', '2018-02-08 13:57:44', '1', null, '0');
INSERT INTO `sys_rescource` VALUES ('3', '04ea0ce0-e53b-4eb3-b1ea-dc316063d29f.jpg', 'qiniu', 'https://static.mysiteforme.com/04ea0ce0-e53b-4eb3-b1ea-dc316063d29f.jpg', 'FrJ5IUYX0zMw5HpDW4fUfNvMv4Q3', '329kb', '.jpg', null, '2018-02-08 13:59:06', '1', '2018-02-08 13:59:06', '1', null, '0');
INSERT INTO `sys_rescource` VALUES ('4', '3e2baf40-f2e5-4b3c-93d1-3f97965017ec.jpg', 'qiniu', 'https://static.mysiteforme.com/3e2baf40-f2e5-4b3c-93d1-3f97965017ec.jpg', 'FpgHWPFgcyMX1lqNEDk8Pdnl3lsu', '228kb', '.jpg', null, '2018-03-13 12:54:36', '1', '2018-03-13 12:54:36', '1', null, '0');

-- ----------------------------
-- Table structure for sys_role
-- ----------------------------
DROP TABLE IF EXISTS `sys_role`;
CREATE TABLE `sys_role` (
  `id` bigint NOT NULL AUTO_INCREMENT,
  `name` varchar(40) CHARACTER SET utf8 COLLATE utf8_general_ci DEFAULT NULL COMMENT '角色名称',
  `create_date` datetime DEFAULT NULL,
  `create_by` bigint DEFAULT NULL,
  `update_date` datetime DEFAULT NULL,
  `update_by` bigint DEFAULT NULL,
  `remarks` varchar(255) CHARACTER SET utf8 COLLATE utf8_general_ci DEFAULT NULL,
  `del_flag` tinyint DEFAULT NULL,
  PRIMARY KEY (`id`)
) ENGINE=InnoDB AUTO_INCREMENT=3 DEFAULT CHARSET=utf8;

-- ----------------------------
-- Records of sys_role
-- ----------------------------
INSERT INTO `sys_role` VALUES ('1', '老司机', '2017-11-02 14:19:07', '1', '2018-02-08 13:24:35', '1', '', '0');
INSERT INTO `sys_role` VALUES ('2', '系统管理员', '2017-11-29 19:36:37', '1', '2018-07-12 18:47:20', '1', '', '0');

-- ----------------------------
-- Table structure for sys_role_menu
-- ----------------------------
DROP TABLE IF EXISTS `sys_role_menu`;
CREATE TABLE `sys_role_menu` (
  `role_id` bigint NOT NULL,
  `menu_id` bigint NOT NULL,
  PRIMARY KEY (`role_id`,`menu_id`)
) ENGINE=InnoDB DEFAULT CHARSET=utf8;

-- ----------------------------
-- Records of sys_role_menu
-- ----------------------------
INSERT INTO `sys_role_menu` VALUES ('1', '1');
INSERT INTO `sys_role_menu` VALUES ('1', '2');
INSERT INTO `sys_role_menu` VALUES ('1', '3');
INSERT INTO `sys_role_menu` VALUES ('1', '4');
INSERT INTO `sys_role_menu` VALUES ('1', '8');
INSERT INTO `sys_role_menu` VALUES ('1', '10');
INSERT INTO `sys_role_menu` VALUES ('1', '13');
INSERT INTO `sys_role_menu` VALUES ('2', '1');
INSERT INTO `sys_role_menu` VALUES ('2', '2');
INSERT INTO `sys_role_menu` VALUES ('2', '3');
INSERT INTO `sys_role_menu` VALUES ('2', '4');
INSERT INTO `sys_role_menu` VALUES ('2', '5');
INSERT INTO `sys_role_menu` VALUES ('2', '6');
INSERT INTO `sys_role_menu` VALUES ('2', '7');
INSERT INTO `sys_role_menu` VALUES ('2', '8');
INSERT INTO `sys_role_menu` VALUES ('2', '9');
INSERT INTO `sys_role_menu` VALUES ('2', '10');
INSERT INTO `sys_role_menu` VALUES ('2', '11');
INSERT INTO `sys_role_menu` VALUES ('2', '12');
INSERT INTO `sys_role_menu` VALUES ('2', '13');
INSERT INTO `sys_role_menu` VALUES ('2', '14');
INSERT INTO `sys_role_menu` VALUES ('2', '15');
INSERT INTO `sys_role_menu` VALUES ('2', '16');
INSERT INTO `sys_role_menu` VALUES ('2', '17');
INSERT INTO `sys_role_menu` VALUES ('2', '18');
INSERT INTO `sys_role_menu` VALUES ('2', '19');
INSERT INTO `sys_role_menu` VALUES ('2', '20');
INSERT INTO `sys_role_menu` VALUES ('2', '21');
INSERT INTO `sys_role_menu` VALUES ('2', '22');
INSERT INTO `sys_role_menu` VALUES ('2', '23');
INSERT INTO `sys_role_menu` VALUES ('2', '24');
INSERT INTO `sys_role_menu` VALUES ('2', '25');
INSERT INTO `sys_role_menu` VALUES ('2', '26');
INSERT INTO `sys_role_menu` VALUES ('2', '27');
INSERT INTO `sys_role_menu` VALUES ('2', '28');
INSERT INTO `sys_role_menu` VALUES ('2', '29');
INSERT INTO `sys_role_menu` VALUES ('2', '30');
INSERT INTO `sys_role_menu` VALUES ('2', '31');
INSERT INTO `sys_role_menu` VALUES ('2', '32');
INSERT INTO `sys_role_menu` VALUES ('2', '33');
INSERT INTO `sys_role_menu` VALUES ('2', '34');
INSERT INTO `sys_role_menu` VALUES ('2', '35');
INSERT INTO `sys_role_menu` VALUES ('2', '36');
INSERT INTO `sys_role_menu` VALUES ('2', '37');
INSERT INTO `sys_role_menu` VALUES ('2', '38');
INSERT INTO `sys_role_menu` VALUES ('2', '39');
INSERT INTO `sys_role_menu` VALUES ('2', '40');
INSERT INTO `sys_role_menu` VALUES ('2', '41');
INSERT INTO `sys_role_menu` VALUES ('2', '42');
INSERT INTO `sys_role_menu` VALUES ('2', '43');
INSERT INTO `sys_role_menu` VALUES ('2', '44');
INSERT INTO `sys_role_menu` VALUES ('2', '45');
INSERT INTO `sys_role_menu` VALUES ('2', '46');
INSERT INTO `sys_role_menu` VALUES ('2', '47');
INSERT INTO `sys_role_menu` VALUES ('2', '48');
INSERT INTO `sys_role_menu` VALUES ('2', '49');
INSERT INTO `sys_role_menu` VALUES ('2', '50');
INSERT INTO `sys_role_menu` VALUES ('2', '51');
INSERT INTO `sys_role_menu` VALUES ('2', '52');
INSERT INTO `sys_role_menu` VALUES ('2', '53');
INSERT INTO `sys_role_menu` VALUES ('2', '54');
INSERT INTO `sys_role_menu` VALUES ('2', '55');
INSERT INTO `sys_role_menu` VALUES ('2', '56');
INSERT INTO `sys_role_menu` VALUES ('2', '57');
INSERT INTO `sys_role_menu` VALUES ('2', '58');
INSERT INTO `sys_role_menu` VALUES ('2', '59');
INSERT INTO `sys_role_menu` VALUES ('2', '60');
INSERT INTO `sys_role_menu` VALUES ('2', '61');
INSERT INTO `sys_role_menu` VALUES ('2', '62');

-- ----------------------------
-- Table structure for sys_site
-- ----------------------------
DROP TABLE IF EXISTS `sys_site`;
CREATE TABLE `sys_site` (
  `id` bigint NOT NULL,
  `name` varchar(255) CHARACTER SET utf8 COLLATE utf8_general_ci DEFAULT NULL,
  `url` varchar(500) CHARACTER SET utf8 COLLATE utf8_general_ci DEFAULT NULL COMMENT '系统网址',
  `open_message` bit(1) DEFAULT NULL COMMENT '是否开放评论',
  `is_no_name` bit(1) DEFAULT NULL COMMENT '是否匿名评论',
  `version` varchar(255) CHARACTER SET utf8 COLLATE utf8_general_ci DEFAULT NULL,
  `author` varchar(255) CHARACTER SET utf8 COLLATE utf8_general_ci DEFAULT NULL,
  `author_icon` varchar(255) CHARACTER SET utf8 COLLATE utf8_general_ci DEFAULT NULL,
  `file_upload_type` varchar(255) CHARACTER SET utf8 COLLATE utf8_general_ci DEFAULT NULL,
  `weibo` varchar(255) CHARACTER SET utf8 COLLATE utf8_general_ci DEFAULT NULL,
  `qq` varchar(255) CHARACTER SET utf8 COLLATE utf8_general_ci DEFAULT NULL,
  `git` varchar(255) CHARACTER SET utf8 COLLATE utf8_general_ci DEFAULT NULL,
  `github` varchar(255) CHARACTER SET utf8 COLLATE utf8_general_ci DEFAULT NULL,
  `phone` varchar(255) CHARACTER SET utf8 COLLATE utf8_general_ci DEFAULT NULL,
  `email` varchar(255) CHARACTER SET utf8 COLLATE utf8_general_ci DEFAULT NULL,
  `address` varchar(255) CHARACTER SET utf8 COLLATE utf8_general_ci DEFAULT NULL,
  `logo` varchar(255) CHARACTER SET utf8 COLLATE utf8_general_ci DEFAULT NULL,
  `server` varchar(255) CHARACTER SET utf8 COLLATE utf8_general_ci DEFAULT NULL,
  `database` varchar(255) CHARACTER SET utf8 COLLATE utf8_general_ci DEFAULT NULL,
  `max_upload` int DEFAULT NULL,
  `keywords` varchar(255) CHARACTER SET utf8 COLLATE utf8_general_ci DEFAULT NULL,
  `description` varchar(255) CHARACTER SET utf8 COLLATE utf8_general_ci DEFAULT NULL,
  `powerby` varchar(255) CHARACTER SET utf8 COLLATE utf8_general_ci DEFAULT NULL,
  `record` varchar(255) CHARACTER SET utf8 COLLATE utf8_general_ci DEFAULT NULL,
  `create_by` bigint DEFAULT NULL,
  `create_date` datetime DEFAULT NULL,
  `update_by` bigint DEFAULT NULL,
  `update_date` datetime DEFAULT NULL,
  `remarks` text CHARACTER SET utf8 COLLATE utf8_general_ci,
  `del_flag` bit(1) DEFAULT NULL,
  PRIMARY KEY (`id`)
) ENGINE=InnoDB DEFAULT CHARSET=utf8;

-- ----------------------------
-- Records of sys_site
-- ----------------------------
INSERT INTO `sys_site` VALUES ('1', 'Upint Seed', 'http://www.upint.cn/', '', '\0', '1.0', 'Jupanshuai', 'https://static.mysiteforme.com/3c5b69f4-2e39-4f88-b302-a6eb48e4c43a.jpg', 'local', 'https://weibo.com/6314935934', '1034570286', 'https://gitee.com/wanglingxiao/', 'https://github.com/zhupanlinch/', '13163396277', 'jupanshuai@qq.com', '湖北-武汉', '/static/upload/dc859702-7a3a-4897-9587-5e951e41e182.jpg', 'windows', 'mysql', '2', null, 'The seed project for Upint group\'s developer', 'Copyright © 2020 Rat Wechat 鄂ICP备17014298号 by Upint软件开发团队', '鄂ICP备17014298号', '1', '2017-12-30 22:46:15', '1', '2020-08-15 18:04:00', '<p>后端开发种子项目,新项目请copy副本再修改。</p>', '\0');

-- ----------------------------
-- Table structure for sys_user
-- ----------------------------
DROP TABLE IF EXISTS `sys_user`;
CREATE TABLE `sys_user` (
  `id` bigint NOT NULL AUTO_INCREMENT COMMENT '用户ID',
  `login_name` varchar(36) CHARACTER SET utf8 COLLATE utf8_general_ci DEFAULT NULL COMMENT '登录名',
  `nick_name` varchar(40) CHARACTER SET utf8 COLLATE utf8_general_ci DEFAULT NULL COMMENT '昵称',
  `icon` varchar(2000) CHARACTER SET utf8 COLLATE utf8_general_ci DEFAULT NULL,
  `password` varchar(40) CHARACTER SET utf8 COLLATE utf8_general_ci DEFAULT NULL COMMENT '密码',
  `salt` varchar(40) CHARACTER SET utf8 COLLATE utf8_general_ci DEFAULT NULL COMMENT 'shiro加密盐',
  `tel` varchar(11) CHARACTER SET utf8 COLLATE utf8_general_ci DEFAULT NULL COMMENT '手机号码',
  `email` varchar(200) CHARACTER SET utf8 COLLATE utf8_general_ci DEFAULT NULL COMMENT '邮箱地址',
  `locked` tinyint DEFAULT NULL COMMENT '是否锁定',
  `create_date` datetime DEFAULT NULL,
  `create_by` bigint DEFAULT NULL,
  `update_date` datetime DEFAULT NULL,
  `update_by` bigint DEFAULT NULL,
  `remarks` varchar(255) CHARACTER SET utf8 COLLATE utf8_general_ci DEFAULT NULL,
  `del_flag` tinyint DEFAULT NULL,
  PRIMARY KEY (`id`)
) ENGINE=InnoDB AUTO_INCREMENT=2 DEFAULT CHARSET=utf8;

-- ----------------------------
-- Records of sys_user
-- ----------------------------
INSERT INTO `sys_user` VALUES ('1', 'test', '我是管理员', 'https://static.mysiteforme.com/3c5b69f4-2e39-4f88-b302-a6eb48e4c43a.jpg', '810339f5426fe2dcaf92c5cac718acc6471a034b', '3fb62b5aeede1bbf', '13776055179', 'b@qq.com', '0', '2017-11-27 22:19:39', '1', '2018-06-16 04:27:15', '1', '', '0');

-- ----------------------------
-- Table structure for sys_user_role
-- ----------------------------
DROP TABLE IF EXISTS `sys_user_role`;
CREATE TABLE `sys_user_role` (
  `user_id` bigint NOT NULL,
  `role_id` bigint NOT NULL,
  PRIMARY KEY (`user_id`,`role_id`)
) ENGINE=InnoDB DEFAULT CHARSET=utf8;

-- ----------------------------
-- Records of sys_user_role
-- ----------------------------
INSERT INTO `sys_user_role` VALUES ('1', '1');
INSERT INTO `sys_user_role` VALUES ('1', '2');

-- ----------------------------
-- Table structure for upload_info
-- ----------------------------
DROP TABLE IF EXISTS `upload_info`;
CREATE TABLE `upload_info` (
  `id` bigint NOT NULL AUTO_INCREMENT COMMENT '主键',
  `local_window_url` varchar(255) CHARACTER SET utf8 COLLATE utf8_general_ci DEFAULT NULL COMMENT '本地window系统上传路径,input,YES,false,true,false',
  `local_linux_url` varchar(255) CHARACTER SET utf8 COLLATE utf8_general_ci DEFAULT NULL COMMENT '本地LINUX系统上传路径,input,YES,false,true,false',
  `qiniu_base_path` varchar(255) CHARACTER SET utf8 COLLATE utf8_general_ci DEFAULT NULL COMMENT '七牛前缀路径,input,YES,false,true,false',
  `qiniu_bucket_name` varchar(255) CHARACTER SET utf8 COLLATE utf8_general_ci DEFAULT NULL COMMENT '七牛bucket的目录名称,input,YES,false,true,false',
  `qiniu_dir` varchar(255) CHARACTER SET utf8 COLLATE utf8_general_ci DEFAULT NULL COMMENT '七牛文件存储目录,input,YES,false,true,false',
  `qiniu_access_key` varchar(255) CHARACTER SET utf8 COLLATE utf8_general_ci DEFAULT NULL COMMENT '七牛qiniuAccess值,input,YES,false,true,false',
  `qiniu_secret_key` varchar(255) CHARACTER SET utf8 COLLATE utf8_general_ci DEFAULT NULL COMMENT '七牛qiniuKey的值,input,YES,false,true,false',
  `qiniu_test_access` bit(1) DEFAULT NULL COMMENT '七牛上传测试,switch,YES,true,true,false',
  `oss_base_path` varchar(255) CHARACTER SET utf8 COLLATE utf8_general_ci DEFAULT NULL COMMENT '阿里云前缀路径,input,YES,false,true,false',
  `oss_bucket_name` varchar(255) CHARACTER SET utf8 COLLATE utf8_general_ci DEFAULT NULL COMMENT '阿里云bucket的目录名称,input,YES,false,true,false',
  `oss_dir` varchar(255) CHARACTER SET utf8 COLLATE utf8_general_ci DEFAULT NULL COMMENT '阿里云文件上传目录,input,YES,false,true,false',
  `oss_key_id` varchar(255) CHARACTER SET utf8 COLLATE utf8_general_ci DEFAULT NULL COMMENT '阿里云ACCESS_KEY_ID值,input,YES,false,true,false',
  `oss_key_secret` varchar(255) CHARACTER SET utf8 COLLATE utf8_general_ci DEFAULT NULL COMMENT '阿里云ACCESS_KEY_SECRET,input,YES,false,true,false',
  `oss_endpoint` varchar(255) CHARACTER SET utf8 COLLATE utf8_general_ci DEFAULT NULL COMMENT '阿里云ENDPOINT值,input,YES,false,true,false',
  `oss_test_access` bit(1) DEFAULT NULL COMMENT '阿里云上传测试,switch,YES,true,true,false',
  `create_date` datetime DEFAULT NULL COMMENT '创建时间',
  `create_by` bigint DEFAULT NULL COMMENT '创建人',
  `update_date` datetime DEFAULT NULL COMMENT '修改时间',
  `update_by` bigint DEFAULT NULL COMMENT '修改人',
  `remarks` varchar(255) CHARACTER SET utf8 COLLATE utf8_general_ci DEFAULT NULL COMMENT '备注',
  `del_flag` tinyint DEFAULT NULL COMMENT '删除标记',
  PRIMARY KEY (`id`)
) ENGINE=InnoDB AUTO_INCREMENT=2 DEFAULT CHARSET=utf8 COMMENT='文件上传配置,1,switch-qiniuTestAccess-YES-true-qiniu_test_access,switch-ossTestAccess-YES-true-oss_test_access';

-- ----------------------------
-- Records of upload_info
-- ----------------------------
INSERT INTO `upload_info` VALUES ('1', null, null, null, null, null, null, null, null, null, null, null, null, null, null, null, '2018-07-12 18:48:23', '1', '2018-07-12 18:48:25', '1', null, '0');
